{"18":"Bayou La Batre, AL","131":"Yorktown, VA","143":"Cool Springs, WV","155":"Kettle, WV","170":"Raleigh, WV","198":"Akron, AL","229":"Bellefontaine, AL","243":"Bellevue, AL","255":"Tuckersburg, AL","287":"Little Red, AR","303":"Eugene, FL","314":"Bayard, DE","413":"Aurora, IN","442":"Stockton, KS","494":"Bellevue, LA","550":"Jessup, MD","578":"Chandler, MO","595":"New York, MO","702":"Birmingham, AL","790":"Thicketty, SC","832":"Blountsville, AL","838":"Leonardtown, TN","843":"McKinley, TN","851":"Ralston, TN","928":"Boromville, AL","978":"Bridgeport, AL","996":"Brooklyn, AL","1012":"Browns, AL","1077":"Caffee Junction, AL","1121":"Cape Choccolocco, AL","1141":"Carolina, AL","1147":"Carrollton, AL","1174":"Cedar Grove, AL","1179":"Cedar Lake, AL","1186":"Cedarville, AL","1188":"Cedrum, AL","1246":"Charles, AL","1294":"Chulavista, AL","1297":"Citico, AL","1307":"Clarksville, AL","1322":"Cleveland, AL","1386":"Columbiana, AL","1387":"Columbus, AL","1398":"Concord, AL","1440":"Corona, AL","1604":"Detroit, AL","1704":"East Birmingham, AL","1709":"East Chapman, AL","1710":"East Florence, AL","1712":"East Hampton, AL","1716":"East Lake, AL","1725":"Eastaboga, AL","1823":"Eufaula, AL","1899":"Fayette, AL","1900":"Fayetteville, AL","2003":"Fort Payne, AL","2035":"Fremont, AL","2047":"Frisco Quarters, AL","2048":"Frisco, AL","2055":"Fullerton, AL","2067":"Gainesville, AL","2080":"Gardendale, AL","2118":"Gilbert, AL","2138":"Glendale, AL","2160":"Gonce, AL","2222":"Greensboro, AL","2468":"Hollytree, AL","2469":"Hollywood, AL","2536":"Huntsville, AL","2539":"Hurtsboro, AL","2574":"Ironaton, AL","2576":"Ironville, AL","2577":"Irvington, AL","2589":"Jack, AL","2591":"Jackson, AL","2599":"Jacksonville, AL","2680":"Kent, AL","2697":"Killen, AL","2746":"Lafayette, AL","2880":"Lincoln, AL","2898":"Little Rock, AL","2909":"Littleville, AL","2952":"Louisville, AL","2968":"Lubbub, AL","2999":"Madison, AL","3070":"Mary, AL","3072":"Maryville, AL","3129":"McKinley, AL","3166":"Memphis, AL","3240":"Mobile, AL","3241":"Mobile Junction, AL","3259":"Montevallo, AL","3260":"Montgomery, AL","3284":"Morgan Springs, AL","3386":"Murphree, AL","3391":"Muscle Shoals, AL","3515":"North Mobile, AL","3522":"Northport, AL","3579":"Oakley, AL","3591":"Oceola, AL","3656":"Overlook, AL","3665":"Oxanna, AL","3784":"Philadelphia, AL","3790":"Phoenixville, AL","3865":"Pittsburg, AL","3936":"Port Birmingham, AL","3983":"Providence, AL","4051":"Reece City, AL","4089":"Richmond, AL","4115":"Riverside, AL","4157":"Rockford, AL","4251":"St. Florian, AL","4318":"Scottsboro, AL","4328":"Seaboard, AL","4329":"Seale, AL","4347":"Selma, AL","4420":"Shreve, AL","4439":"Simmsville, AL","4603":"Stockton, AL","4664":"Surginer, AL","4678":"Sylacauga, AL","4686":"Tacoa, AL","4690":"Talladega, AL","4694":"Tallahatta Springs, AL","4695":"Tallassee, AL","4705":"Tarrant, AL","4709":"Tuskugu, AL","4741":"The Bottle, AL","4742":"The Brick Store, AL","4757":"Thomasville, AL","4812":"Trinity, AL","4813":"Trimble, AL","4816":"Troy, AL","4818":"Trussville, AL","4825":"Tulse, AL","4889":"Valentine, AL","4907":"Vance, AL","4945":"Virginia, AL","4993":"Washington Heights, AL","4994":"Washington Hill, AL","5054":"West Huntsville, AL","5125":"Wicksburg, AL","5323":"Arkansas City, AR","5342":"Athens, AR","5346":"Atlanta, AR","5351":"Aurelle, AR","5417":"Bay, AR","5453":"Bella Vista, AR","5469":"Bentonville, AR","5662":"Buffalo City, AR","5807":"Chandler, AR","5811":"Charleston, AR","5836":"Cincinnati, AR","5837":"Cicalla, AR","5843":"Clarkedale, AR","5846":"Clarksville, AR","5888":"Columbus, AR","6007":"Dallas, AR","6010":"Dardanelle, AR","6067":"Des Arc, AR","6069":"Detonti, AR","6186":"El Paso, AR","6291":"Fayette Junction, AR","6292":"Fayetteville, AR","6329":"Fontaine, AR","6340":"Fort Smith, AR","6367":"Fresno, AR","6399":"Garland, AR","6434":"Gilbert, AR","6451":"Glendale, AR","6500":"Gravette, AR","6558":"Hamburg, AR","6715":"Hollywood, AR","6758":"Hunt, AR","6762":"Huntsville, AR","6796":"Jacksonport, AR","6797":"Jacksonville, AR","6832":"Jonesboro, AR","6863":"Kent, AR","6898":"Knoxville, AR","7011":"Lincoln, AR","7027":"Little Rock, AR","7072":"Lowell, AR","7077":"Luber, AR","7154":"Mary Spur, AR","7196":"McKinney, AR","7221":"Mesa, AR","7376":"Murfreesboro, AR","7389":"Nashville, AR","7435":"Newark, AR","7441":"Newport, AR","7456":"Norfork, AR","7469":"North Little Rock, AR","7513":"Oakland, AR","7527":"Ola, AR","7558":"Omaha, AR","7570":"Orlando, AR","7605":"Paragould, AR","7611":"Parkdale, AR","7671":"Phenix, AR","7672":"Philadelphia, AR","7777":"Portland, AR","7938":"Rock, AR","7979":"Roseville, AR","8030":"Salem, AR","8068":"Seaton, AR","8136":"Siloam Springs, AR","8212":"Spring Valley, AR","8213":"Springdale, AR","8246":"Stockton, AR","8280":"Sunnydale, AR","8281":"Sunnyside, AR","8322":"Temperanceville, AR","8323":"Temple, AR","8328":"The Basin, AR","8388":"Trippe Junction, AR","8448":"Valentine, AR","8454":"Van Buren, AR","8457":"Vanduzer, AR","8535":"Warren, AR","8540":"Washington, AR","8594":"West Valley, AR","8679":"Winslow, AR","8713":"Worthen, AR","8858":"Reno, DC","8882":"Washington, DC","8884":"Washington Highlands, DC","8939":"Atlanta, DE","9059":"Bridgeville, DE","9279":"Dover, DE","9545":"Hockessin, DE","9683":"Lewes, DE","9692":"Lincoln, DE","9756":"Marydale, DE","9797":"Middletown, DE","9799":"Midvale, DE","9859":"New Castle, DE","9862":"Newark, DE","9864":"Newport, DE","9912":"Omar, DE","9917":"Overlook Colony, DE","10020":"Ralphs, DE","10028":"Rehoboth Beach, DE","10108":"Scotts Corner, DE","10109":"Scottsdale Park Mobile Home Park, DE","10123":"Seatowne, DE","10285":"Thorntown, DE","10335":"Washington Heights, DE","10400":"Wilmington, DE","10527":"Arlington, FL","10541":"Astor, FL","10547":"Atlantis, FL","10584":"Baldwin, FL","10621":"Bayard, FL","10760":"Boca Raton, FL","10785":"Bradenton, FL","10895":"Cape Canaveral, FL","10896":"Cape Coral, FL","10898":"Capitola, FL","10922":"Cary, FL","10926":"Casa Cola, FL","10967":"Chattahoochee, FL","10968":"Chatmire, FL","10975":"Chipley, FL","11008":"Clearwater, FL","11064":"Coral Gables, FL","11071":"Coral Springs, FL","11217":"Destin, FL","11284":"East Tampa, FL","11320":"El Portal, FL","11362":"Eucheeanna, FL","11474":"Fort Lauderdale, FL","11492":"Fort Walton Beach, FL","11493":"Fort White, FL","11531":"Gainesville, FL","11540":"Garden Grove, FL","11609":"Grand Park, FL","11733":"Hialeah, FL","11734":"Hialeah Estates, FL","11735":"Hialeah Gardens, FL","11786":"Hollywood, FL","11868":"Irvine, FL","11884":"Jacksonville, FL","11977":"Kissimmee, FL","12083":"Largo, FL","12225":"Manhattan, FL","12286":"Melbourne, FL","12295":"Memphis, FL","12304":"Miami, FL","12340":"Mineral Springs, FL","12343":"Miramar, FL","12349":"Mobile Gardens, FL","12447":"New York, FL","12470":"Norland, FL","12478":"North Bay Village, FL","12484":"North Lauderdale, FL","12486":"North Miami, FL","12534":"Oakland, FL","12535":"Oakland Park, FL","12554":"Ochlockonee, FL","12565":"Okeechobee, FL","12607":"Orlando, FL","12626":"Oviedo, FL","12671":"Palmdale, FL","12680":"Panama City, FL","12700":"Pasadena, FL","12704":"Patersonville, FL","12718":"Pembroke, FL","12719":"Pembroke Park, FL","12720":"Pembroke Pines, FL","12730":"Pensacola, FL","12795":"Plantation, FL","12833":"Pompano Beach, FL","12837":"Ponce Inlet, FL","12838":"Ponce Park, FL","12857":"Port Saint Joe, FL","12858":"Port Saint John, FL","12859":"Port Saint Lucie, FL","12860":"Port Salerno, FL","12861":"Port Sewall, FL","12862":"Port Sutton, FL","12863":"Port Tampa, FL","12896":"Raleigh, FL","13039":"Saint Lucie, FL","13044":"St. Petersburg, FL","13053":"San Antonio, FL","13054":"San Blas, FL","13056":"San Jose, FL","13082":"Santa Clara, FL","13087":"Santa Rosa Beach, FL","13167":"Shiloh, FL","13233":"South Miami, FL","13248":"South Tampa, FL","13291":"Stewart City, FL","13323":"Sunnyside, FL","13327":"Sunrise Harbor, FL","13357":"Tacoma, FL","13360":"Tallahassee, FL","13362":"Tamarac, FL","13363":"Tamiami, FL","13364":"Tampa, FL","13480":"Valhalla, FL","13482":"Valparaiso, FL","13525":"Wacahoota, FL","13575":"Weeki Wachee, FL","13606":"West Miami, FL","13607":"West Palm Beach, FL","13615":"West Tampa, FL","13780":"Albany, GA","13920":"Astoria, GA","13922":"Athens, GA","13924":"Atlanta, GA","13936":"Augusta, GA","14091":"Bell, GA","14290":"Boston, GA","14575":"Captolo, GA","14605":"Carrollton, GA","14608":"Cartecay, GA","14664":"Cedar Ridge, GA","14665":"Cedar Rock, GA","14671":"Cedartown, GA","14723":"Chattahoochee, GA","14730":"Chattanooga Valley, GA","14778":"Chickasawhatchee, GA","14799":"Chula, GA","14834":"Cleveland, GA","14910":"Columbus, GA","14916":"Concord, GA","14927":"Conyers, GA","15120":"Dalton, GA","15121":"Dallas, GA","15353":"East Atlanta, GA","15373":"Eastanollee, GA","15441":"Ellijay, GA","15509":"Euharlee, GA","15717":"Forest Park, GA","15736":"Fort Gaines, GA","15738":"Fort Lamar, GA","15816":"Gainesville, GA","16010":"Greensboro, GA","16097":"Hampton, GA","16233":"Hiawassee, GA","16407":"Houston, GA","16444":"Hutchins, GA","16525":"Jamaica, GA","16544":"Jefferson, GA","16548":"Jekyll Island, GA","16557":"Jersey, GA","16586":"Jonesboro, GA","16617":"Kennesaw, GA","16699":"LaFayette, GA","16711":"Lake Creek, GA","16947":"Louisville, GA","17038":"Marietta, GA","17059":"Marshallville, GA","17125":"McKinney, GA","17131":"McNair Terrace, GA","17182":"Metasville, GA","17187":"Miami Valley, GA","17219":"Millen, GA","17240":"Miramar, GA","17394":"Nashville, GA","17607":"Oakland, GA","17629":"Ochlocknee, GA","17648":"Oklahoma Hills, GA","17678":"Omaha, GA","17707":"Overlook, GA","17728":"Palmetto, GA","17782":"Pateville, GA","17852":"Phoenix, GA","17956":"Pitts, GA","17976":"Planter, GA","18015":"Pomona, GA","18205":"Renfroe, GA","18292":"Riverdale, GA","18305":"Riverside, GA","18516":"Santa Claus, GA","18538":"Savannah, GA","18547":"Scarecorn, GA","18560":"Scottdale, GA","18872":"Statenville, GA","18873":"Statesboro, GA","18892":"Sterling Heights, GA","18910":"Stockton, GA","18990":"Sunbury, GA","19013":"Sutallee, GA","19043":"Sylvania, GA","19044":"Sylvester, GA","19052":"Tallahassee, GA","19055":"Tallapoosa, GA","19095":"Temperance Bell, GA","19228":"Topeka Junction, GA","19260":"Trion, GA","19392":"Vidalia, GA","19415":"Waco, GA","19461":"Washington, GA","19544":"West Valdosta, GA","19725":"Winston, GA","19826":"Yonah, GA","19827":"Yonkers, GA","19887":"Anna, IL","19918":"Bakerville, IL","19975":"Belleville, IL","20036":"Brooklyn, IL","20075":"Cahokia, IL","20146":"Cincinnati, IL","20208":"Creal Springs, IL","20245":"Detroit, IL","20291":"Eagerville, IL","20377":"Fayetteville, IL","20429":"Gard, IL","20443":"Gilbirds, IL","20445":"Gillespie, IL","20470":"Grand Pass, IL","20488":"Greenville, IL","20547":"Hervey City, IL","20614":"Irving, IL","20626":"Jacksonville, IL","20628":"Jamaica, IL","20638":"Jerseyville, IL","20766":"Louisville, IL","20781":"Madison, IL","20848":"Metropolis, IL","20877":"Modesto, IL","20915":"Murphysboro, IL","20919":"Nashville, IL","20942":"New Haven, IL","21012":"Olivet, IL","21015":"Omaha, IL","21021":"Oraville, IL","21075":"Philadelphia, IL","21106":"Pomona, IL","21157":"Reno, IL","21222":"Sacramento, IL","21239":"Salem, IL","21263":"Scottland, IL","21334":"Springfield, IL","21415":"Toledo, IL","21451":"Valley City, IL","21473":"Virginia, IL","21732":"Birdseye, IN","21784":"Bridgeport, IN","21827":"Buffaloville, IN","21873":"Carrollton, IN","21899":"Centerville, IN","21906":"Chandler, IN","21926":"Cincinnati, IN","21932":"Clarksville, IN","21960":"Cold Springs, IN","22074":"Dubois, IN","22116":"Elizabethtown, IN","22138":"Eugene, IN","22144":"Evansville, IN","22205":"Fontanet, IN","22232":"Fritchton, IN","22243":"Garden City, IN","22300":"Greensboro, IN","22428":"Huntingburg, IN","22440":"Indianapolis, IN","22611":"Madison, IN","22678":"Memphis, IN","22684":"Metamora, IN","22723":"Modesto, IN","22773":"Nashville, IN","22846":"North Indianapolis, IN","22858":"Norths Landing, IN","22873":"Oaklandon, IN","22937":"Peoria, IN","22964":"Pittsboro, IN","23003":"Providence, IN","23053":"Richmond, IN","23095":"Rossburg, IN","23125":"Saint Paul, IN","23126":"Saint Peter, IN","23127":"Saint Philip, IN","23134":"Saltillo, IN","23136":"Samaria, IN","23145":"Santa Claus, IN","23201":"Smith Valley, IN","23252":"Stacer, IN","23266":"Sterling Heights, IN","23267":"Stevenson, IN","23300":"Sunnyview, IN","23306":"Surprise, IN","23318":"Syria, IN","23321":"Tampico, IN","23402":"Vivalia, IN","23453":"West Petersburg, IN","23551":"Akron, KS","23572":"Anchorway, KS","23588":"Arkansas City, KS","23602":"Atlanta, KS","23695":"Boicourt, KS","23725":"Buffville, KS","23763":"Carona, KS","23769":"Cedar, KS","23770":"Cedar, KS","23807":"Cleveland, KS","23825":"Colwich, KS","23874":"Deerhead, KS","23881":"Denton, KS","23893":"Dorrance, KS","23911":"Durham, KS","23912":"Dwight, KS","23992":"Fontana, KS","24009":"Freeport, KS","24070":"Greensburg, KS","24117":"Hays, KS","24133":"Hiattville, KS","24134":"Hiawatha, KS","24172":"Huntsville, KS","24203":"Kanopolis, KS","24204":"Kansas City, KS","24245":"Lake City, KS","24268":"Latham, KS","24292":"Lexington, KS","24296":"Lincoln, KS","24321":"Louisburg, KS","24322":"Louisville, KS","24342":"Manhattan, KS","24407":"Minneapolis, KS","24480":"North Topeka, KS","24502":"Olathe, KS","24526":"Overland Park, KS","24533":"Paradise, KS","24571":"Pittsburg, KS","24581":"Pomona, KS","24582":"Pomona, KS","24655":"Roeland Park, KS","24691":"Saint Paul, KS","24694":"Salemsborg, KS","24695":"Salina, KS","24702":"Savonburg, KS","24763":"Spring Hill, KS","24788":"Sun City, KS","24791":"Sunnydale, KS","24806":"Tampa, KS","24823":"Tolerville, KS","24829":"Topeka, KS","24849":"Valeda, KS","24850":"Valencia, KS","24880":"Waco, KS","24907":"Wego-Waco, KS","24933":"Wichita, KS","24934":"Wichita Heights, KS","25014":"Alhambra, KY","25045":"Anchorage, KY","25141":"Baltimore, KY","25156":"Bardstown, KY","25366":"Blythe, KY","25405":"Boston, KY","25476":"Brooklyn, KY","25493":"Brownsville, KY","25516":"Buffalo, KY","25618":"Carrollton, KY","25627":"Cary, KY","25699":"Christianburg, KY","25792":"Columbus, KY","25981":"Dayton, KY","26021":"Denver, KY","26244":"Escondida, KY","26281":"Fairmeade, KY","26413":"Fort Wright, KY","26431":"Frankfort, KY","26493":"Garmeada, KY","26744":"Harrisonville, KY","26765":"Hayward, KY","26779":"Hebron, KY","26924":"Hopkinsville, KY","27003":"Ironville, KY","27005":"Irvine, KY","27014":"Isonville, KY","27065":"Jolly, KY","27167":"Knopp, KY","27281":"Lexington, KY","27283":"Lexington-Fayette, KY","27295":"Lickskillet, KY","27331":"Little Rock, KY","27386":"Louisville, KY","27425":"Madisonville, KY","27530":"McKinney, KY","27545":"Meads, KY","27547":"Means, KY","27731":"Murray, KY","27868":"Oakla, KY","27885":"Oklahoma, KY","27886":"Olaton, KY","27920":"Oolite, KY","27928":"Orlando, KY","27965":"Paradise, KY","27983":"Patesville, KY","28096":"Plano, KY","28176":"Prestonsburg, KY","28197":"Providence, KY","28213":"Queens, KY","28334":"Rochester, KY","28425":"Sacramento, KY","28449":"Salt Lick, KY","28451":"Salvisa, KY","28519":"Settle, KY","28567":"Shreve, KY","28690":"Spottsville, KY","28719":"Stamping Ground, KY","28812":"Sunrise, KY","28891":"Thousandsticks, KY","28915":"Toler, KY","29020":"Vancleve, KY","29063":"Visalia, KY","29167":"West Louisville, KY","29271":"Winston, KY","29397":"Alexandria, LA","29400":"Alhambra, LA","29424":"Ama, LA","29434":"Anchorage, LA","29469":"Arlington, LA","29483":"Athens, LA","29487":"Atlanta, LA","29511":"Baker, LA","29547":"Baton Rouge, LA","29563":"Bayou Goula, LA","29711":"Borodino, LA","29714":"Bossier City, LA","29777":"Browns, LA","29778":"Brownsville, LA","29825":"Caire, LA","29867":"Carroll, LA","29869":"Carte Rouge, LA","29912":"Chackbay, LA","29973":"Clarks, LA","30035":"Cooper Road, LA","30044":"Cora, LA","30159":"Deerford, LA","30288":"Elm Grove, LA","30455":"Frisco, LA","30463":"Fullerton, LA","30485":"Garland, LA","30486":"Gardere, LA","30575":"Grand Point, LA","30576":"Grand Prairie, LA","30656":"Hammond, LA","30700":"Henderson, LA","30752":"Holly, LA","30760":"Hollywood, LA","30816":"Iberville Terrace, LA","30968":"Lafayette, LA","31017":"Lauderdale, LA","31291":"Mermentau, LA","31296":"Metairie, LA","31297":"Metairie Terrace, LA","31340":"Modeste, LA","31353":"Montgomery, LA","31363":"Moreauville, LA","31364":"Moreland, LA","31446":"New Orleans, LA","31449":"New Roads, LA","31494":"North Shreveport, LA","31544":"Oakland, LA","31562":"Oklahoma, LA","31622":"Patterson, LA","31726":"Ponchatoula, LA","31742":"Port Sulphur, LA","31881":"Rock, LA","32049":"Shreveport, LA","32050":"Shrewsbury, LA","32126":"Spokane, LA","32195":"Sunrise, LA","32196":"Sunrise Landing, LA","32219":"Tallulah, LA","32254":"Thibodaux, LA","32277":"Torras, LA","32356":"Vidalia, LA","32434":"West Baton Rouge, LA","32474":"Wickliffe, LA","32484":"Wilhite, LA","32659":"Anchorage, MD","32676":"Annapolis, MD","32782":"Athol, MD","32838":"Bakersfield, MD","32855":"Baltimore, MD","32917":"Bayard, MD","33385":"Brookeville, MD","33682":"Carrollton, MD","33869":"Chattolanee, MD","33901":"Chesapeake City, MD","33930":"Chestertown, MD","33968":"Chicamuxen, MD","34041":"Clevelandville, MD","34132":"Colora, MD","34134":"Columbia, MD","34458":"Denton, MD","34998":"Fort Washington, MD","35054":"Foxborough Farms, MD","35090":"Frederick, MD","35134":"Frizzellburg, MD","35157":"Gaithersburg, MD","35310":"Glenn Dale, MD","35386":"Grantsville, MD","35504":"Greensboro, MD","36059":"Houcksville, MD","36181":"Indian Head, MD","36227":"Jackson, MD","36544":"Landover, MD","36634":"Leonardtown, MD","36892":"Manhattan Beach, MD","36998":"Maryvale, MD","37159":"Midland, MD","37413":"Nanjemoy, MD","37522":"North East, MD","37654":"Oakland, MD","37700":"Ocean City, MD","37712":"Oklahoma, MD","37715":"Old Baltimore, MD","37794":"Overlea, MD","37889":"Pasadena, MD","37914":"Patuxent, MD","37945":"Pembroke Hills, MD","38137":"Pomonkey, MD","38167":"Port Tobacco, MD","38292":"Queenstown, MD","38568":"Rockville, MD","38773":"Salisbury, MD","38839":"Scotsdale, MD","39114":"South Baltimore, MD","39203":"Springfield, MD","39225":"Saint Marys City, MD","39269":"Stockton, MD","39449":"Sykesville, MD","39719":"Tri-Woods, MD","40014":"Warfieldsburg, MD","40017":"Warren, MD","40024":"Washington Heights, MD","40102":"West Baltimore, MD","40160":"Westernport, MD","40262":"Wicomico, MD","40265":"Widgeon, MD","40491":"Woodsboro, MD","40557":"Yonkers, MD","40700":"Astoria, MO","40711":"Aurora, MO","40739":"Bakersfield, MO","40743":"Ballwin, MO","40859":"Birmingham, MO","40895":"Bois D'Arc, MO","40907":"Boschertown, MO","40910":"Boston, MO","40971":"Brookline, MO","40980":"Browns, MO","41009":"Buffington, MO","41079":"Cap au Gris, MO","41081":"Cape Girardeau, MO","41095":"Carola, MO","41096":"Carondelet, MO","41098":"Carr Lane, MO","41138":"Cedar Gap, MO","41141":"Cedar Ridge, MO","41185":"Chesapeake, MO","41247":"Clubb, MO","41270":"Columbia, MO","41305":"Corona, MO","41414":"Day, MO","41547":"East Kansas City, MO","41644":"Eugene, MO","41796":"Frisbee, MO","41808":"Fulton, MO","41813":"Gaines, MO","42065":"Hayward, MO","42066":"Haywood City, MO","42168":"Hollywood, MO","42198":"House Springs, MO","42255":"Independence, MO","42282":"Jack, MO","42284":"Jackson, MO","42304":"Jefferson City, MO","42311":"Jerico Springs, MO","42338":"Kansas City, MO","42405":"Knox, MO","42406":"Knoxville, MO","42510":"Leonard, MO","42710":"McAllister Springs, MO","42719":"McCune, MO","42729":"McKittrick, MO","42761":"Miami, MO","42796":"Minneville, MO","42814":"Mirabile, MO","42821":"Moberly, MO","42837":"Monteith Junction, MO","42904":"Nash, MO","42941":"New Haven, MO","42951":"New Offenburg, MO","42952":"New Oyer, MO","42985":"North Kansas City, MO","43025":"Oakland, MO","43055":"Olathia, MO","43082":"Oran, MO","43113":"Overland, MO","43139":"Palmyra, MO","43162":"Pasadena Park, MO","43164":"Pasley, MO","43167":"Paterson Ford, MO","43279":"Pomona, MO","43531":"Saint Charles, MO","43543":"St. Louis, MO","43546":"Saint Paul, MO","43565":"San Antonio, MO","43582":"Savannah, MO","43599":"Scotsdale, MO","43600":"Scott, MO","43623":"Scopus, MO","43669":"Shreve, MO","43670":"Shrewsbury, MO","43739":"Spokane, MO","43750":"Springfield, MO","43834":"Sunnyvale, MO","43857":"Syracuse, MO","43908":"Thornton, MO","43910":"Thousand Oaks, MO","44051":"Virginia Settlement, MO","44052":"Vista, MO","44056":"Waco, MO","44083":"Washington, MO","44216":"Worcester, MO","44229":"Yonkerville, MO","44289":"Anchorage, MS","44378":"Bay Saint Louis, MS","44457":"Biloxi, MS","44498":"Boice, MS","44499":"Bolatusha, MS","44624":"Capell, MS","44632":"Carolina, MS","44646":"Cary, MS","44682":"Chancy, MS","44688":"Charleston, MS","44706":"Chunky, MS","44707":"Chulahoma, MS","44713":"Clarksdale, MS","44728":"Cleveland, MS","44755":"Collins, MS","44759":"Columbus, MS","44760":"Columbia, MS","44766":"Concordia, MS","44777":"Coral, MS","44951":"East Fork, MS","44958":"Eastabuchie, MS","45125":"Foxworth, MS","45161":"Garlandville, MS","45182":"Gillsburg, MS","45196":"Glens, MS","45234":"Green Grove, MS","45236":"Greenfield, MS","45375":"Hollywood, MS","45402":"Houston, MS","45417":"Hunt, MS","45436":"India, MS","45450":"Ireland, MS","45460":"Jackson, MS","45556":"Lake, MS","45587":"Lauderdale, MS","45640":"Little Rock, MS","45661":"Long, MS","45662":"Long Beach, MS","45717":"Madison, MS","45829":"Mesa, MS","45969":"New Hope, MS","46100":"Pass Christian, MS","46128":"Peoria, MS","46141":"Philadelphia, MS","46268":"Raleigh, MS","46310":"Rich, MS","46408":"Saint Paul, MS","46429":"Santa Rosa, MS","46442":"Savannah, MS","46632":"Sun, MS","46651":"Tallahala, MS","46652":"Tallahomo, MS","46683":"Thorn, MS","46710":"Topeka, MS","46731":"Tuckers Crossing, MS","46783":"Vancleave, MS","46801":"Vicksburg, MS","46808":"Virlilia, MS","46866":"West, MS","46936":"Winstonville, MS","46957":"X-Prairie, MS","47007":"Albemarle, NC","47008":"Albemarle, NC","47149":"Bakersville, NC","47163":"Baltimore, NC","47197":"Baton, NC","47198":"Bath, NC","47524":"Buffalo, NC","47631":"Cape Carteret, NC","47632":"Cape Colony, NC","47638":"Caraleigh, NC","47661":"Carr, NC","47663":"Carroll, NC","47669":"Cary, NC","47678":"Castoria, NC","47741":"Charles, NC","47743":"Charleston, NC","47744":"Charlotte, NC","47802":"Clemmons, NC","47831":"Coats Crossroads, NC","47855":"Colington, NC","47870":"Columbia, NC","47879":"Concord, NC","47885":"Conetoe, NC","47901":"Cooleemee Junction, NC","47919":"Corolla, NC","48025":"Dallas, NC","48079":"Denton, NC","48081":"Denver, NC","48166":"Durham, NC","48183":"East Fayetteville, NC","48184":"East Flat Rock, NC","48406":"Fayetteville, NC","48477":"Fontana Village, NC","48501":"Fort Landing, NC","48553":"Frisco, NC","48571":"Fuquay-Varina, NC","48584":"Garland, NC","48590":"Gastonia, NC","48744":"Greensboro, NC","48746":"Greenville, NC","48904":"Haywood, NC","48914":"Hebron, NC","48926":"Henderson, NC","49069":"Honolulu, NC","49134":"Icard, NC","49156":"Iredell, NC","49159":"Iron Station, NC","49188":"Jacksonville, NC","49194":"Jamesville, NC","49260":"Kannapolis, NC","49457":"Lexington, NC","49674":"McAdenville, NC","49784":"Milwaukee, NC","49791":"Minneapolis, NC","49835":"Mooresboro, NC","49840":"Moretz, NC","49932":"Murfreesboro, NC","49952":"Nashville, NC","50014":"Newport, NC","50062":"Northlakes, NC","50187":"Ora, NC","50275":"Patterson, NC","50297":"Pembroke, NC","50325":"Peterson, NC","50526":"Providence, NC","50530":"Providence, NC","50567":"Raleigh, NC","50776":"Rosemary, NC","50781":"Rosewood, NC","50918":"Scotts, NC","50921":"Scotts Store, NC","51065":"Sioux, NC","51204":"Stacey, NC","51228":"Statesville, NC","51230":"Staton, NC","51322":"Sunnyvale, NC","51407":"Thelma, NC","51653":"Washington, NC","51654":"Washington Heights, NC","51725":"West Salem, NC","51853":"Wilsonville, NC","51875":"Winston-Salem, NC","51981":"Atlantic City, NJ","52007":"Batsto, NJ","52029":"Belleplain, NJ","52045":"Birmingham, NJ","52063":"Bridgeport, NJ","52069":"Bridgeton, NJ","52099":"Cape May, NJ","52115":"Cedar Run, NJ","52126":"Cedarville, NJ","52142":"Cinnaminson, NJ","52240":"Eayrestown, NJ","52315":"Gibbsboro, NJ","52325":"Gloucester City, NJ","52366":"Hammonton, NJ","52464":"Lincoln, NJ","52562":"New Brooklyn, NJ","52607":"Oceanville, NJ","52627":"Paradise, NJ","52682":"Pomona, NJ","52684":"Port Elizabeth, NJ","52688":"Potato Island, NJ","52711":"Richmantown, NJ","52726":"Salem, NJ","52728":"Salina, NJ","52773":"Smithville, NJ","52804":"Stockington, NJ","52853":"Ventnor City, NJ","53020":"Athens, OH","53024":"Astoria, OH","53036":"Austin, OH","53041":"Baltimore, OH","53085":"Belpre, OH","53180":"Brookville, OH","53183":"Brown, OH","53184":"Browns, OH","53241":"Captina, OH","53255":"Carroll, OH","53269":"Cedar Run, OH","53296":"Chesapeake, OH","53309":"Cincinnati, OH","53320":"Clarksville, OH","53323":"Clayton, OH","53330":"Cleves, OH","53358":"Columbus, OH","53378":"Cora, OH","53427":"Dallasburg, OH","53441":"Dayton, OH","53455":"Dent, OH","53456":"Denver, OH","53463":"Dilles Bottom, OH","53512":"East Columbus, OH","53514":"East Dayton, OH","53515":"East Fultonham, OH","53559":"Elk, OH","53683":"Frederick, OH","53691":"Fulda, OH","53726":"Gibson, OH","53800":"Groveport, OH","53814":"Hamilton, OH","53915":"Hollansburg, OH","53965":"Ironton, OH","53968":"Ironspot, OH","53973":"Jackson, OH","53976":"Jacksonburg, OH","53977":"Jacksontown, OH","53995":"Jerusalem, OH","53999":"Johnson, OH","54053":"Knox, OH","54071":"Lancaster, OH","54158":"Louden, OH","54160":"Loveland, OH","54161":"Loveland Park, OH","54181":"Lyra, OH","54210":"Marietta, OH","54228":"McArthur, OH","54229":"McAvan, OH","54235":"McDaniel Crossroad, OH","54238":"McGonigle, OH","54239":"McKays, OH","54243":"McLuney, OH","54263":"Miami Station, OH","54265":"Miamisburg, OH","54266":"Miamitown, OH","54267":"Miamiville, OH","54273":"Midland, OH","54295":"Mineral Springs, OH","54303":"Modest, OH","54313":"Montgomery, OH","54406":"New Chicago, OH","54519":"Orland, OH","54527":"Overpeck, OH","54548":"Pasadena, OH","54571":"Phoneton, OH","54587":"Pitsburg, OH","54591":"Plano, OH","54629":"Portland, OH","54706":"Richmond Dale, OH","54721":"Riverside, OH","54761":"Rosemount, OH","54764":"Roseville, OH","54793":"Saint Paul, OH","54794":"Saint Peter, OH","54799":"Saltair, OH","54823":"Schenck, OH","54855":"Sharonville, OH","54934":"Springboro, OH","54935":"Springdale, OH","54939":"Springfield, OH","55019":"Syracuse, OH","55020":"Tacoma, OH","55047":"Thorps, OH","55062":"Torch, OH","55075":"Tucson, OH","55242":"Wintondale, OH","55310":"Alfalfa, OK","55496":"Buffalo, OK","55589":"Chandler, OK","55592":"Chattanooga, OK","55603":"Chickasha, OK","55627":"Cleveland, OK","55739":"Denver, OK","55797":"East Tulsa, OK","55814":"Elk City, OK","55890":"Fort Cobb, OK","55891":"Fort Coffee, OK","55923":"Garden Grove, OK","55966":"Grandfield, OK","56053":"Hitchita, OK","56107":"Indianapolis, OK","56119":"Irving, OK","56291":"Madill, OK","56325":"McAlester, OK","56359":"Miami, OK","56433":"New Tulsa, OK","56493":"Oklahoma City, OK","56494":"Oklahoma Hills, OK","56495":"Okmulgee, OK","56522":"Orlando, OK","56567":"Peoria, OK","56607":"Ponca City, OK","56723":"Saint Louis, OK","56724":"Salem, OK","56726":"Salina, OK","56742":"Savanna, OK","56771":"Shawnee, OK","56866":"Sunray, OK","56940":"Tullahassee, OK","56941":"Tulsa, OK","57042":"West Tulsa, OK","57097":"Yonkers, OK","57145":"Aston, PA","57287":"Carmichaels, PA","57321":"Chester, PA","57760":"Knepper, PA","57809":"Lime Valley, PA","57906":"Modena, PA","57961":"New Oxford, PA","58041":"Philadelphia, PA","58303":"Tri-Hill, PA","58349":"Washington Boro, PA","58603":"Baton Rouge, SC","58910":"Calhoun Falls, SC","59051":"Charleston, SC","59064":"Cheraw, SC","59186":"Columbia, SC","59197":"Conway, SC","59204":"Cool Spring, SC","59217":"Coronaca, SC","59352":"Denny, SC","59355":"Dentsville, SC","59418":"Due West, SC","59671":"Fort Lawn, SC","59672":"Fort Mill, SC","59728":"Gaines Crossroads, SC","59767":"Gilbert, SC","59873":"Greenville, SC","59927":"Hampton, SC","59931":"Hanahan, SC","60178":"Jackson, SC","60273":"Killian, SC","60308":"Knox, SC","60367":"Lancaster, SC","60470":"Little Rock, SC","60595":"Maryville, SC","60624":"McConnells, SC","60852":"North Charleston, SC","60946":"Oceanside Village, SC","60955":"Okatie, SC","60977":"Ora, SC","60979":"Orangeburg, SC","60991":"Overbrook, SC","61099":"Phoenix, SC","61246":"Port Santorini, SC","61677":"Simpsonville, SC","61805":"Stateburg, SC","61810":"Steedman, SC","61918":"Tamassee, SC","62177":"West View, SC","62289":"Winnsboro, SC","62332":"Woodruff, SC","62361":"Youngs, SC","62403":"Alexandria, TN","62406":"Allen, TN","62480":"Arlington, TN","62513":"Athens, TN","62519":"Austin, TN","62522":"Austins Mill, TN","62547":"Bakers, TN","62549":"Bakersworks, TN","62563":"Baltimore, TN","62680":"Bellevue, TN","62937":"Breedenton, TN","62955":"Bridgeport, TN","62979":"Brooklin, TN","62995":"Brownsville, TN","63036":"Buffalo, TN","63044":"Bufords, TN","63199":"Catlen, TN","63290":"Charleston, TN","63293":"Charlotte, TN","63298":"Chattanooga, TN","63351":"Chic, TN","63388":"Clarksville, TN","63406":"Clevenger, TN","63431":"Cloverland Acres, TN","63699":"Dayton, TN","63739":"Denton, TN","63742":"Denver, TN","63873":"East Chattanooga, TN","63884":"East Lake, TN","63912":"Eaton Crossroads, TN","63953":"Elizabethton, TN","64112":"Fayetteville, TN","64203":"Fort Loudon, TN","64252":"Fremont, TN","64263":"Frisco, TN","64280":"Gainesville, TN","64281":"Gainesboro, TN","64300":"Gardner, TN","64301":"Garland, TN","64684":"Henderson, TN","64687":"Hendersonville, TN","64919":"Houston, TN","64964":"Huntsville, TN","65076":"Jersey, TN","65112":"Kansas, TN","65113":"Kansas City, TN","65201":"Knoxville, TN","65624":"Maryville, TN","65682":"Meadorville, TN","65707":"Memphis, TN","65729":"Midland, TN","65812":"Mobra, TN","65865":"Morristown, TN","65969":"Murfreesboro, TN","65978":"Murrelltown, TN","65991":"Nashville, TN","66031":"New Haven, TN","66082":"Newport, TN","66105":"North Chattanooga, TN","66113":"North Knoxville, TN","66339":"Paperville, TN","66420":"Philadelphia, TN","66577":"Pomona, TN","66685":"Quebeck, TN","66700":"Rally Hill, TN","66828":"Riverside, TN","66878":"Rockford, TN","66928":"Roseville, TN","67012":"Salt Lick, TN","67042":"Savannah, TN","67280":"South Knoxville, TN","67464":"Sunrise, TN","67476":"Surgoinsville, TN","67477":"Surprise, TN","67505":"Tallassee, TN","67508":"Tampico, TN","67548":"Temperance Hall, TN","67572":"Theta, TN","67675":"Tuckaleechee, TN","67774":"Vance, TN","67815":"Waco, TN","67857":"Warrensburg, TN","67859":"Wartburg, TN","67927":"West Knoxville, TN","68099":"Witt, TN","68171":"Yokley, TN","68288":"Aledo, TX","68306":"Allen, TX","68370":"Anahuac, TX","68373":"Anchor, TX","68437":"Arlington, TX","68466":"Astin, TX","68471":"Athens, TX","68473":"Atlanta, TX","68484":"Austin, TX","68911":"Bridgeport, TX","68921":"Brock, TX","68941":"Brownsville, TX","68994":"Bullock, TX","68997":"Buncome, TX","69057":"Callan, TX","69074":"Camp Dallas, TX","69114":"Caplen, TX","69146":"Carroll, TX","69147":"Carrollton, TX","69195":"Cedar Park, TX","69239":"Cestohowa, TX","69307":"Chula Vista Acres Colonia, TX","69309":"Chula Vista Colonia, TX","69343":"Clarksville, TX","69351":"Clear Lake City, TX","69360":"Clemons, TX","69433":"Colonia los Angeles, TX","69438":"Colorado, TX","69439":"Colorado Acres Colonia, TX","69443":"Columbus, TX","69509":"Corpus Christi, TX","69556":"Coupland, TX","69590":"Crimcrest, TX","69673":"Dallas, TX","69674":"Dallam, TX","69703":"Dayton, TX","69715":"DeSoto, TX","69754":"Denton, TX","69761":"Desdemona, TX","69765":"Detroit, TX","69861":"Draco, TX","69927":"East Houston, TX","69938":"East Tempe, TX","69939":"East Waco, TX","70019":"El Paraiso Colonia, TX","70319":"Fort Worth, TX","70371":"Fresno, TX","70393":"Frisco, TX","70445":"Garland, TX","70494":"Gilchrist, TX","70591":"Grand Prairie, TX","70612":"Grays Prairie, TX","70911":"Hillje, TX","71008":"Houston, TX","71051":"Huntsville, TX","71075":"India, TX","71108":"Irving, TX","71171":"Jersey Village, TX","71191":"Joliet, TX","71226":"Justin, TX","71255":"Keller, TX","71293":"Killeen, TX","71313":"Kirvin, TX","71375":"La Escondida Colonia, TX","71485":"Lake Dallas, TX","71562":"Laredo Ranchettes, TX","71566":"Laredo, TX","71596":"Las Vegas, TX","71605":"Lauback, TX","71715":"Little River, TX","71716":"Little River-Academy, TX","71726":"Llano, TX","71793":"Longview, TX","71804":"Los Angeles, TX","71941":"Manheim, TX","72040":"McAllen, TX","72060":"McKinney, TX","72112":"Mesquite, TX","72133":"Midlothian, TX","72165":"Milano, TX","72220":"Mobile City, TX","72238":"Monte Christo, TX","72272":"Moreno Colonia, TX","72451":"New Mesquite, TX","72481":"Niblock, TX","72520":"North Beach, TX","72535":"North Houston, TX","72556":"Northcrest, TX","72657":"Oklahoma, TX","72725":"Omaha, TX","72735":"Orange, TX","72762":"Overland, TX","72840":"Paradise, TX","72858":"Pasadena, TX","72889":"Pearland, TX","73022":"Pittsville, TX","73023":"Placedo, TX","73032":"Plano, TX","73097":"Port Arthur, TX","73099":"Port Brownsville, TX","73112":"Portland, TX","73256":"Ranchito, TX","73271":"Rancho Chaparral Colonia, TX","73272":"Rancho Chico, TX","73274":"Rancho Colonia, TX","73278":"Rancho Nuevo Colonia, TX","73387":"Reno, TX","73409":"Richardson, TX","73468":"Roans Prairie, TX","73664":"Salinas-Hinojosa Colonia, TX","73666":"Salinas Colonia, TX","73676":"Sam Houston, TX","73682":"San Antonio, TX","73686":"San Benito, TX","73692":"San Diego, TX","73703":"San Juan, TX","73754":"Santa Amalia Colonia, TX","73755":"Santa Anna, TX","73758":"Santa Clara, TX","73770":"Santa Rosa, TX","74003":"Sinclair City, TX","74162":"Stamford, TX","74181":"Sterrett, TX","74235":"Sugar Land, TX","74261":"Sunnyvale, TX","74338":"Temple, TX","74482":"Trenton, TX","74492":"Tri-City Colonia Number 1, TX","74493":"Tri-City Colonia Number 2, TX","74526":"Tulsita, TX","74643":"Varisco, TX","74730":"Waco, TX","74791":"Washington, TX","74845":"Wentworth, TX","74849":"Weslaco, TX","74877":"West Tempe, TX","74907":"Westworth, TX","74957":"Wichita Falls, TX","75138":"Acors Corner, VA","75186":"Alexandria, VA","75297":"Arlington, VA","75495":"Bayport, VA","75531":"Bedford, VA","75757":"Blenheim, VA","75800":"Boissevain, VA","75962":"Brokenburg, VA","75965":"Brooke, VA","76193":"Capahosic, VA","76194":"Cape Carlyn, VA","76195":"Cape Charles, VA","76230":"Carps Corner, VA","76284":"Catlett, VA","76371":"Chandlers Forks, VA","76388":"Charlottesville, VA","76418":"Chesapeake, VA","76484":"Chula, VA","76555":"Clifton Forge, VA","76680":"Concord, VA","76709":"Corn Valley, VA","76895":"Danville, VA","76921":"Dayton, VA","77160":"East Hampton, VA","77242":"Elk Garden, VA","77429":"Fayettesville, VA","77565":"Fort Christanna, VA","77620":"Fredericksburg, VA","77627":"Freeport, VA","78045":"Hampton, VA","78125":"Haymarket, VA","78440":"Huntington, VA","78544":"Jamaica, VA","78549":"Jamestown, VA","78556":"Jarratt, VA","78598":"Jolivue, VA","78599":"Jolliff, VA","78667":"Kent, VA","78861":"Lancaster, VA","78987":"Leonard, VA","79006":"Lexington, VA","79191":"Lucketts, VA","79269":"Manakin-Sabot, VA","79271":"Manassas, VA","79417":"McKenney, VA","79450":"Meadville, VA","79510":"Midland, VA","79587":"Modest Town, VA","79655":"Moran, VA","79656":"Morattico, VA","79877":"Newport, VA","79878":"Newport, VA","79880":"Newport News, VA","79919":"Norfolk, VA","79955":"North Virginia Beach, VA","79959":"Northampton, VA","80051":"Oakland, VA","80081":"Occupacia, VA","80084":"Oceana, VA","80146":"Ontario, VA","80155":"Orange, VA","80271":"Patersons Corner, VA","80325":"Pembroke, VA","80370":"Petersburg, VA","80377":"Philadelphia, VA","80386":"Phoebus, VA","80519":"Pomona, VA","80546":"Port Norfolk, VA","80801":"Richmond, VA","80925":"Rockfish, VA","80982":"Roseville, VA","81070":"Salem, VA","81134":"Scotland, VA","81141":"Scottsville, VA","81156":"Seatack, VA","81312":"Simonsdale, VA","81438":"Southampton, VA","81468":"Spotsylvania, VA","81492":"Spring Valley, VA","81616":"Strasburg, VA","81696":"Sunnyview, VA","81702":"Sunset Manor, VA","81706":"Surprise, VA","81707":"Surry, VA","81753":"Tacketts Mill, VA","81754":"Tacoma, VA","81795":"Temperanceville, VA","81798":"Templeman, VA","81816":"Thaxton, VA","81834":"The Row, VA","81848":"Thornburg, VA","82005":"Vale, VA","82094":"Vir-Mar Beach, VA","82096":"Virginia Beach, VA","82124":"Wades Mill, VA","82310":"West Norfolk, VA","82314":"West View, VA","82337":"Westhampton, VA","82469":"Williamsburg, VA","82515":"Winchester, VA","82641":"Worrell, VA","82830":"Astor, WV","82859":"Baker, WV","82892":"Bayard, WV","83052":"Bois, WV","83124":"Brown, WV","83147":"Buckhannon, WV","83213":"Capels, WV","83214":"Caperton, WV","83218":"Captina, WV","83241":"Cedar, WV","83268":"Charleston, WV","83284":"Chesapeake, WV","83303":"Cinco, WV","83312":"Clarksburg, WV","83315":"Clay, WV","83327":"Clendenin, WV","83352":"Coalburg, WV","83517":"Deep Valley, WV","83681":"Elizabeth, WV","83682":"Elk, WV","83686":"Elk Garden, WV","83789":"Fayette, WV","83791":"Fayetteville, WV","83837":"Fonzo, WV","83890":"Gaines, WV","84171":"Henderson, WV","84237":"Holly, WV","84273":"Hoult, WV","84294":"Huntington, WV","84329":"Iroquois, WV","84366":"Jere, WV","84453":"Kent, WV","84470":"Killarm, WV","84511":"Lacoma, WV","84587":"Lex, WV","84621":"Little, WV","84632":"Littlesburg, WV","84676":"Los Anglin, WV","84695":"Lubeck, WV","84724":"Madison, WV","84737":"Man, WV","84740":"Manheim, WV","84766":"Marlinton, WV","84779":"Martinsburg, WV","84801":"McAlpin, WV","84829":"Mead, WV","84831":"Meador, WV","84864":"Miami, WV","84940":"Montgomery, WV","84955":"Morgantown, WV","85053":"New Haven, WV","85133":"Oceana, WV","85163":"Orlando, WV","85202":"Paradise, WV","85210":"Parkersburg, WV","85247":"Petersburg, WV","85256":"Philippi, WV","85379":"Queens, WV","85496":"Rock, WV","85591":"Salem, WV","85593":"Salt Lick, WV","85596":"Saltpetre, WV","85640":"Scott Depot, WV","85643":"Seaman, WV","85697":"Shrewsbury, WV","85794":"Spring Valley, WV","85810":"Staten, WV","85909":"Tacy, WV","86093":"Virginia Heights, WV","86126":"War, WV","86134":"Warriormine, WV","86182":"West Van Voorhis, WV","86374":"Cedar Creek, AR","86523":"Little Orleans, MD","86568":"Winston, MO","86582":"Prairie, MS","86616":"Chillicothe, OH","86666":"Thornton, PA","86755":"Overall, VA","86826":"Albertville, AL","86833":"Alexander City, AL","86834":"Alexandria, AL","86875":"Angel, AL","86924":"Athens, AL","86936":"Attalla, AL","86943":"Aurora, AL","87038":"Norfolk, CT","87059":"New York, IA","87126":"Danbury, CT","87208":"Durham, CT","87254":"Caroline, OH","87270":"East Haddam, CT","87274":"East Hampton, CT","87277":"East Hartford, CT","87280":"East Haven, CT","87286":"East Glastonbury, CT","87312":"Fulmor, PA","87345":"Roxborough, PA","87502":"Hartford, CT","87509":"Hayden, CT","87514":"Hebron, CT","87531":"Hope Valley, CT","87559":"Kent, CT","87564":"Killingworth, CT","87578":"Lakewood, CT","87593":"Litchfield, CT","87611":"Madison, CT","87623":"Marlborough, CT","87643":"Middletown, CT","87646":"Milford, CT","87662":"Miramichi, CT","87666":"Mohegan, CT","87698":"New Hartford, CT","87699":"New Haven, CT","87735":"North Lyme, CT","87740":"North Stamford, CT","87752":"Norwalk, CT","87753":"Norwich, CT","87758":"Oakland, CT","87771":"Orange, CT","87784":"Oxford, CT","87800":"Phoenixville, CT","87826":"Pomeraug, CT","87832":"Ponset, CT","87833":"Ponus, CT","87838":"Portland, CT","87845":"Quaddick, CT","87873":"Riverside, CT","87875":"Riverside, CT","87885":"Rockville, CT","87900":"Salisbury, CT","87978":"Stafford, CT","87981":"Stamford, CT","87984":"Sterling, CT","88001":"Taconic, CT","88015":"Thompson, CT","88027":"Torrington, CT","88062":"Washington, CT","88064":"Waterbury, CT","88070":"Weatogue, CT","88073":"Wequetequock, CT","88082":"West Hartford, CT","88112":"Westville, CT","88129":"Windermere, CT","88137":"Winsted, CT","88168":"Albaton, IA","88216":"Arlington, IA","88237":"Atlantic, IA","88245":"Aurora, IA","88297":"Bellevue, IA","88395":"Brooklyn, IA","88417":"Buffalo, IA","88488":"Cedar Falls, IA","88494":"Cedar Rapids, IA","88500":"Centerville, IA","88525":"Cincinnati, IA","88587":"Coon Rapids, IA","88591":"Coralville, IA","88687":"Des Moines, IA","88754":"East Des Moines, IA","88893":"Fremont, IA","88906":"Garden Grove, IA","88936":"Gilbertville, IA","89022":"Hampton, IA","89149":"Indiana, IA","89150":"Indianapolis, IA","89151":"Indianola, IA","89173":"Jamaica, IA","89187":"Jolley, IA","89210":"Kent, IA","89243":"Knoxville, IA","89495":"Merle Junction, IA","89696":"Ontario, IA","89698":"Orange, IA","89776":"Peoria, IA","89811":"Plano, IA","89940":"Rock Rapids, IA","89943":"Rockford, IA","89964":"Roseville, IA","90015":"Savannah, IA","90076":"Sioux Center, IA","90077":"Sioux City, IA","90078":"Sioux Rapids, IA","90144":"Stockton, IA","90172":"Sunrise Mobile Court, IA","90173":"Sunrise Mobile Home Community, IA","90174":"Sunrise Mobile Home Park, IA","90238":"Toledo, IA","90379":"West Des Moines, IA","90416":"Wichita, IA","90529":"Argo Fay, IL","90533":"Arlington Heights, IL","90551":"Aurora, IL","90552":"Austin, IL","90594":"Beaverville, IL","90625":"Birds, IL","90627":"Birmingham, IL","90764":"Cary, IL","90778":"Centerville, IL","90792":"Chatton, IL","90804":"Chicago, IL","90805":"Chicago Heights, IL","90806":"Chicago Ridge, IL","90813":"Cicero, IL","90848":"Colona, IL","90860":"Coral, IL","90894":"Crystal Lake, IL","90916":"Danville, IL","90947":"Des Plaines, IL","90998":"East Peoria, IL","90999":"East Joliet, IL","91017":"El Paso, IL","91028":"Elizabeth, IL","91029":"Elk Grove, IL","91030":"Elk Grove Village, IL","91063":"Eugene, IL","91161":"Fullerton, IL","91163":"Fulton, IL","91233":"Grand Ridge, IL","91398":"Huntsville, IL","91436":"Joliet, IL","91444":"Kankakee, IL","91484":"Knoxville, IL","91634":"Manhattan, IL","91702":"Metamora, IL","91739":"Moline, IL","91747":"Montgomery, IL","91777":"Naperville, IL","91809":"North Chicago, IL","91826":"Northlake, IL","91877":"Orland Park, IL","91922":"Peoria, IL","91928":"Petersburg, IL","91948":"Plano, IL","91969":"Portland, IL","91993":"Providence, IL","92067":"Rockford, IL","92083":"Roseville, IL","92113":"St. Charles, IL","92123":"San Jose, IL","92133":"Savanna, IL","92141":"Schaumburg, IL","92212":"South Chicago, IL","92242":"Spring Valley, IL","92257":"Sterling, IL","92311":"Tampico, IL","92348":"Topeka, IL","92426":"Warren, IL","92463":"West Chicago, IL","92493":"Wichert, IL","92575":"Aboite, IN","92758":"Cedar, IN","92785":"Clarks Hill, IN","92911":"East Chicago, IN","92991":"Fort Wayne, IN","93004":"Fremont, IN","93062":"Greene, IN","93113":"Hebron, IN","93154":"Huntsville, IN","93191":"Jolietville, IN","93202":"Kentland, IN","93231":"Lafayette, IN","93436":"Muncie, IN","93446":"New Chicago, IN","93516":"Orangeville, IN","93522":"Orland, IN","93544":"Pembroke, IN","93574":"Pittsburg, IN","93661":"Rockford, IN","93853":"Topeka, IN","93865":"Tri-Lakes, IN","93885":"Valparaiso, IN","93910":"Vistula, IN","93944":"West Lafayette, IN","93949":"Westfield, IN","93956":"Westville, IN","94025":"Agawam, MA","94036":"Amherst, MA","94040":"Andover, MA","94061":"Athol, MA","94094":"Barnstable, MA","94162":"Bolton, MA","94166":"Boston, MA","94187":"Brattle, MA","94194":"Bridgewater, MA","94204":"Britanniaville, MA","94206":"Brockton, MA","94246":"Cambridge, MA","94356":"Charlestown, MA","94362":"Chatham, MA","94366":"Chelsea, MA","94369":"Cheshire, MA","94412":"Colrain, MA","94418":"Concord, MA","94475":"Deerfield, MA","94510":"East Boston, MA","94519":"East Charlemont, MA","94527":"East Farms, MA","94529":"East Foxboro, MA","94541":"East Littleton, MA","94542":"East Longmeadow, MA","94571":"East Village, MA","94576":"East Whately, MA","94581":"Easthampton, MA","94605":"Elm Grove, MA","94623":"Falmouth, MA","94687":"Foxborough, MA","94696":"Fresh Brook, MA","94704":"Gardner, MA","94732":"Gloucester, MA","94793":"Hanover, MA","94831":"Hebronville, MA","94854":"Holliston, MA","94878":"Huntington, MA","94950":"Lancaster, MA","94953":"Lanesborough, MA","94970":"Lexington, MA","94974":"Lincoln, MA","94987":"Littleton, MA","95003":"Lowell, MA","95016":"Lynn, MA","95023":"Madaket, MA","95028":"Malden, MA","95031":"Manchaug, MA","95090":"Meads Corner, MA","95109":"Merrimac Terrace, MA","95112":"Methuen, MA","95141":"Miramar, MA","95197":"Nashaquitsa, MA","95213":"New Boston, MA","95240":"Norfolk, MA","95257":"North Brookfield, MA","95325":"North Village, MA","95333":"North Worcester, MA","95334":"Northampton, MA","95362":"Oakham, MA","95377":"Oklahoma Heights, MA","95392":"Orange, MA","95395":"Orleans, MA","95409":"Palmer, MA","95421":"Patuisset, MA","95428":"Pembroke, MA","95465":"Pittsfield, MA","95479":"Plymouth, MA","95496":"Ponkapoag, MA","95521":"Provincetown, MA","95525":"Quansoo, MA","95538":"Randolph, MA","95555":"Richmond, MA","95579":"Rochester, MA","95580":"Rock, MA","95600":"Roxbury, MA","95614":"Salem, MA","95617":"Salisbury, MA","95651":"Seekonk, MA","95682":"Shrewsbury, MA","95708":"Somerville, MA","95792":"South Worcester, MA","95806":"Springfield, MA","95820":"Sterling, MA","95835":"Stow, MA","95875":"Templeton, MA","95902":"Topsfield, MA","95917":"Tully, MA","95948":"Wachusett, MA","95971":"Warren, MA","96086":"West Village, MA","96096":"Westborough, MA","96101":"Westfield, MA","96120":"Weymouth, MA","96174":"Winslows, MA","96181":"Woburn, MA","96193":"Worcester, MA","96194":"Woronoco, MA","96285":"Bath, ME","96428":"Cape Cottage, ME","96430":"Cape Neddick, ME","96431":"Cape Rosier, ME","96435":"Caribou, ME","96524":"Cornish, ME","96566":"Damariscotta, ME","96592":"Detroit, ME","96673":"East Holden, ME","96680":"East Lowell, ME","96700":"East Sangerville, ME","96936":"Hampden, ME","96987":"Higgins Beach, ME","97016":"Houlton, ME","97082":"Kennebunk, ME","97085":"Kennebunkport, ME","97123":"Lakewood, ME","97199":"Lubec, ME","97294":"Millinocket, ME","97532":"Overlake, ME","97566":"Pejepscot, ME","97567":"Pemaquid, ME","97587":"Phippsburg, ME","97621":"Ponce Landing, ME","97633":"Portland, ME","97732":"Saco, ME","97760":"Scarborough, ME","97795":"Sheepscot, ME","97944":"Springfield, ME","98004":"Tacoma, ME","98103":"Warren, ME","98111":"Waterville, ME","98559":"Birmingham, MI","98585":"Boston, MI","98710":"Caro, MI","98759":"Charlotte, MI","98777":"Chicagon, MI","98906":"Danaher, MI","98946":"Detroit, MI","99019":"East Grand Rapids, MI","99042":"Ecorse, MI","99093":"Escanaba, MI","99192":"Fort Wayne, MI","99243":"Gaines, MI","99329":"Grand Rapids, MI","99485":"Holland, MI","99576":"Jackson, MI","99718":"Lansing, MI","99873":"Marquette, MI","99918":"Meade, MI","99920":"Meads Landing, MI","99959":"Midland, MI","99978":"Milwood, MI","100002":"Morenci, MI","100059":"New Baltimore, MI","100204":"Overisel, MI","100352":"Pontiac, MI","100362":"Port Sanilac, MI","100460":"Rochester, MI","100526":"Saint Louis, MI","100529":"Saline, MI","100717":"Sterling Heights, MI","100807":"Thornton, MI","100939":"Warren, MI","101109":"Zilwaukee, MI","101124":"Albertville, MN","101131":"Alexandria, MN","101194":"Austin, MN","101382":"Brookston, MN","101386":"Browns Valley, MN","101388":"Brownsville, MN","101398":"Buffalo, MN","101468":"Centerville, MN","101476":"Chandler, MN","101477":"Chanhassen, MN","101480":"Chatfield, MN","101504":"Clearwater, MN","101508":"Cleveland, MN","101549":"Coon Rapids, MN","101559":"Corvuso, MN","101623":"Dayton, MN","101644":"Dent, MN","101645":"Detroit Lakes, MN","101671":"Duluth, MN","101727":"Elizabeth, MN","101789":"Faribault, MN","101825":"Forest Lake, MN","101850":"Freeport, MN","101856":"Fridley, MN","101894":"Gilbert, MN","101933":"Grand Marais, MN","101934":"Grand Meadow, MN","101936":"Grand Rapids, MN","101993":"Hanover, MN","102021":"Hayward, MN","102032":"Henderson, MN","102045":"Hibbing, MN","102090":"Houston, MN","102121":"Iron Junction, MN","102135":"Jackson, MN","102180":"Kent, MN","102249":"Lakeville, MN","102264":"Lauderdale, MN","102291":"Leonard, MN","102328":"Littlefork, MN","102334":"Long Beach, MN","102352":"Luverne, MN","102436":"McKinley, MN","102460":"Mesaba, MN","102478":"Minneapolis, MN","102480":"Minneota, MN","102484":"Minnetonka, MN","102499":"Montgomery, MN","102560":"New York Mills, MN","102581":"North Branch, MN","102592":"Northome, MN","102611":"Oakdale, MN","102622":"Oklee, MN","102673":"Palmdale, MN","102695":"Pemberton, MN","102742":"Pitt, MN","102784":"Proctor, MN","102823":"Reno, MN","102863":"Rochester, MN","102866":"Rockford, MN","102887":"Roseau, MN","102894":"Roseville, MN","102952":"Saint Louis Park, MN","102960":"Saint Paul, MN","102963":"Saint Peter, MN","102983":"Savage, MN","103048":"Sioux Valley, MN","103093":"Spring Valley, MN","103095":"Springfield, MN","103123":"Stockton, MN","103147":"Sunrise Manor Mobile Home Park, MN","103249":"Virginia, MN","103257":"Waconia, MN","103284":"Warren, MN","103329":"West Saint Paul, MN","103383":"Winsted, MN","103438":"Alexandria, MO","103499":"Cora, MO","103508":"Denver, MO","103567":"Greensburg, MO","103593":"Kilwinning, MO","103602":"Laredo, MO","103620":"Maryville, MO","103643":"Modena, MO","103708":"Saint Patrick, MO","103827":"Buffalo, ND","103915":"Fargo, ND","103935":"Fullerton, ND","103950":"Grand Forks, ND","103952":"Grand Rapids, ND","104005":"Joliette, ND","104100":"Minnewaukan, ND","104112":"North Valley City, ND","104131":"Pembina, ND","104160":"Pittsburgh, ND","104229":"Walhalla, ND","104295":"Aurora, NE","104365":"Buffalo, NE","104389":"Cedar Rapids, NE","104487":"East Omaha, NE","104496":"Elk City, NE","104524":"Fort Calhoun, NE","104529":"Fremont, NE","104531":"Fullerton, NE","104586":"Hebron, NE","104589":"Henderson, NE","104632":"Jamaica, NE","104653":"Knoxville, NE","104678":"Lincoln, NE","104723":"Mead, NE","104729":"Memphis, NE","104734":"Midland, NE","104762":"Naper, NE","104764":"Nashville, NE","104769":"Nemaha, NE","104771":"Newark, NE","104780":"Norfolk, NE","104803":"Omaha, NE","104815":"Overland, NE","104961":"South Omaha, NE","104974":"Stamford, NE","104994":"Surprise, NE","105002":"Syracuse, NE","105074":"West Point, NE","105117":"Amherst, NH","105211":"Carroll, NH","105218":"Center Harbor, NH","105258":"Concord, NH","105296":"Deerfield, NH","105323":"Durham, NH","105434":"Glen, NH","105466":"Hampton, NH","105486":"Hebron, NH","105553":"Lancaster, NH","105569":"Lincoln, NH","105575":"Littleton, NH","105579":"Londonderry, NH","105603":"Manchester, NH","105658":"Nashua, NH","105669":"New Hampton, NH","105676":"Newmarket, NH","105677":"Newport, NH","105753":"Pembroke, NH","105771":"Piscataqua, NH","105815":"Rochester, NH","105865":"Shelburne, NH","106103":"Allentown, NJ","106145":"Bakersville, NJ","106208":"Bordentown, NJ","106228":"Bridgeboro, NJ","106249":"Burlington, NJ","106269":"Carey, NJ","106296":"Charlotteburg, NJ","106335":"Colonia, NJ","106413":"East Long Branch, NJ","106415":"East Newark, NJ","106416":"East Orange, NJ","106439":"Elizabeth, NJ","106478":"Borough of Far Hills, NJ","106508":"Fort Lee, NJ","106509":"Fort Plains, NJ","106657":"Hoboken, NJ","106701":"Jamesburg, NJ","106705":"Jersey City, NJ","106706":"Jerseyville, NJ","106752":"Lakewood, NJ","106817":"Long Branch, NJ","106819":"Long Valley, NJ","106891":"Metuchen, NJ","106897":"Middletown, NJ","106946":"Morristown, NJ","107004":"Newark, NJ","107049":"Oakland, NJ","107072":"Oxford, NJ","107080":"Paramus, NJ","107089":"Passaic, NJ","107091":"Paterson, NJ","107112":"Phillipsburg, NJ","107180":"Princeton, NJ","107200":"Ralston, NJ","107204":"Rancocas, NJ","107233":"River Edge, NJ","107235":"Riverdale, NJ","107332":"Shrewsbury, NJ","107381":"Spotswood, NJ","107387":"Spring Valley, NJ","107401":"Staten Island Junction, NJ","107411":"Stockton, NJ","107425":"Sunnyside, NJ","107454":"Tinton Falls, NJ","107466":"Trenton, NJ","107507":"Vanderburg, NJ","107539":"Washington Heights, NJ","107663":"Akron, NY","107665":"Albany, NY","107677":"Alburg, NY","107803":"Astoria, NY","107863":"Baldwin, NY","107919":"Bath, NY","108073":"Binghamton, NY","108141":"Borodino, NY","108143":"Borough Park, NY","108233":"The Bronx, NY","108242":"Brooklyn, NY","108261":"Brownsville, NY","108284":"Buffalo, NY","108500":"Charleston, NY","108503":"Charlotte, NY","108589":"Clarksville, NY","108592":"Clason Point, NY","108622":"Clintondale, NY","108654":"Cold Spring, NY","108689":"Columbus, NY","108691":"Commack, NY","108702":"Coney Island, NY","108754":"Corfu, NY","108760":"Cornwall, NY","108762":"Corona, NY","108960":"Desbrough Park, NY","108974":"Dillen, NY","109028":"Durham, NY","109086":"East Chatham, NY","109094":"East Creek, NY","109106":"East Flatbush, NY","109107":"East Floyd, NY","109118":"East Greenbush, NY","109123":"East Hamilton, NY","109124":"East Hampton, NY","109195":"East Steamburg, NY","109198":"East Syracuse, NY","109226":"Eastview, NY","109384":"Fayette, NY","109385":"Fayetteville, NY","109457":"Flatbush, NY","109507":"Fort Ann, NY","109509":"Fort Covington, NY","109510":"Fort Covington Center, NY","109571":"Fremont, NY","109572":"Fremont Center, NY","109594":"Fullers, NY","109596":"Fullerville, NY","109611":"Gainesville, NY","109642":"Garrison, NY","109815":"Green Island, NY","110062":"Henderson, NY","110232":"Hunt, NY","110237":"Huntington, NY","110238":"Huntington Bay, NY","110239":"Huntington Beach, NY","110302":"Ironville, NY","110305":"Irving, NY","110306":"Irvington, NY","110330":"Jamaica, NY","110493":"Knox, NY","110494":"Knoxboro, NY","110512":"LaFayette, NY","110522":"Lafayetteville, NY","110608":"Laurens, NY","110657":"Lexington, NY","110677":"Lincoln, NY","110752":"Long Beach, NY","110778":"Louisville, NY","110804":"Lykers, NY","110854":"Mamaroneck, NY","110860":"Manhasset, NY","110862":"Manhattan, NY","110864":"Manheim Center, NY","110992":"Meads Corners, NY","111009":"Memphis, NY","111099":"Mineola, NY","111253":"Napeague, NY","111257":"Nashville, NY","111290":"New City, NY","111299":"New Hamburg, NY","111315":"New Oregon, NY","111331":"New York City, NY","111332":"New York Mills, NY","111333":"Newark, NY","111377":"Norfolk, NY","111422":"North Collins, NY","111469":"North Lansing, NY","111511":"North Syracuse, NY","111587":"Oceanside, NY","111595":"Oklahoma Beach, NY","111632":"Ontario, NY","111643":"Orangeburg, NY","111731":"Paradise, NY","111774":"Patterson, NY","111806":"Pembroke, NY","111820":"Perry City, NY","111844":"Philadelphia, NY","111853":"Phoenix, NY","111916":"Plandome, NY","111927":"Plattsburgh, NY","111969":"Ponck Hockie, NY","112021":"Poughkeepsie, NY","112078":"Queens Village, NY","112079":"Queens, NY","112153":"Rensselaer, NY","112238":"Rochester, NY","112289":"Rose, NY","112353":"Sackets Harbor, NY","112378":"Salamanca, NY","112424":"Savilton, NY","112467":"Scott, NY","112711":"South Fallsburg, NY","112841":"Spring Valley, NY","112856":"Stamford, NY","112863":"Stannards, NY","112878":"Staten Island, NY","112889":"Sterling, NY","112892":"Sterlington, NY","113011":"Syracuse, NY","113148":"Troy, NY","113201":"Union Falls, NY","113358":"Warners, NY","113366":"Washington Heights, NY","113372":"Water Island, NY","113455":"West Bush, NY","113580":"West Valley, NY","113606":"Westons Mills, NY","113614":"Westville Center, NY","113718":"Wingdale, NY","113773":"Worcester, NY","113804":"Yonkers, NY","113847":"Akron, OH","113850":"Alexander, OH","113866":"Amherst, OH","113919":"Aurora, OH","113921":"Austinburg, OH","113922":"Austintown, OH","113943":"Baltic, OH","113968":"Bay Village, OH","113996":"Bellefontaine, OH","113999":"Bellevue, OH","114023":"Berlin Heights, OH","114043":"Birmingham, OH","114090":"Boston, OH","114091":"Boston Heights, OH","114092":"Bostwick, OH","114124":"Bridgeport, OH","114148":"Brooklyn, OH","114159":"Brownstown, OH","114230":"Carrollton, OH","114255":"Cedar Valley, OH","114256":"Center Village, OH","114258":"Centerburg, OH","114276":"Charlestown, OH","114284":"Chattanooga, OH","114299":"Christiansburg, OH","114308":"Claridon, OH","114310":"Clark, OH","114313":"Clarks, OH","114320":"Cleveland, OH","114360":"Concord, OH","114367":"Connorville, OH","114368":"Conotton, OH","114381":"Cornelion, OH","114435":"Dalton, OH","114452":"Deerfield, OH","114524":"East Akron, OH","114534":"East Claridon, OH","114535":"East Cleveland, OH","114551":"East Liverpool, OH","114568":"East Toledo, OH","114628":"Euclid, OH","114656":"Fayette, OH","114733":"Fredericktown, OH","114741":"Fremont, OH","114744":"Fresno, OH","114752":"Fullertown, OH","114771":"Garrettsville, OH","114793":"Gilbert, OH","114809":"Glendale, OH","114837":"Grand Rapids, OH","114853":"Greene, OH","114854":"Greene Center, OH","114855":"Greenford, OH","114858":"Greentown, OH","114948":"Hendrysburg, OH","115016":"Houston, OH","115029":"Hunchberger Corners, OH","115030":"Hunt, OH","115033":"Huntington, OH","115035":"Huntsburg, OH","115057":"Ironville, OH","115080":"Jeromesville, OH","115081":"Jerry City, OH","115082":"Jersey, OH","115091":"Johnston, OH","115108":"Kansas Corners, OH","115120":"Kent, OH","115126":"Kilbourne, OH","115127":"Kileville, OH","115129":"Killbuck, OH","115193":"Lakewood, OH","115224":"Leonardsburg, OH","115229":"Lexington, OH","115289":"Louisville, OH","115314":"Madison, OH","115363":"Marysville, OH","115393":"McKay, OH","115510":"Moreland, OH","115564":"Nashville, OH","115590":"New Cleveland, OH","115600":"New Harrisburg, OH","115604":"New Knoxville, OH","115612":"New Philadelphia, OH","115631":"Newark, OH","115633":"Newburgh Heights, OH","115636":"Newcomerstown, OH","115651":"North Akron, OH","115671":"North Lawrence, OH","115672":"North Lewisburg, OH","115688":"North Royalton, OH","115752":"Ontario, OH","115754":"Oran, OH","115756":"Orange, OH","115857":"Pharisburg, OH","115878":"Piqua, OH","115880":"Pittsfield, OH","115943":"Queensboro, OH","115996":"Richwood, OH","116020":"Rochester, OH","116030":"Rockford, OH","116088":"Saint Patrick, OH","116091":"Saint Stephens, OH","116092":"Salem, OH","116109":"Savannah, OH","116114":"Schoenbrunn, OH","116182":"Shreve, OH","116191":"Simons, OH","116220":"South Akron, OH","116263":"Spokane, OH","116294":"Stelvideo, OH","116308":"Stow, OH","116351":"Tallmadge, OH","116352":"Tama, OH","116368":"The Bend, OH","116375":"Thomastown, OH","116392":"Toledo, OH","116415":"Tuscarawas, OH","116461":"Vanatta, OH","116507":"Wapakoneta, OH","116510":"Warrensville, OH","116512":"Warrenton, OH","116525":"Warren, OH","116548":"West Akron, OH","116592":"West Toledo, OH","116594":"West View, OH","116726":"Youngstown, OH","116799":"Alexandria, PA","116818":"Allentown, PA","116950":"Athens, PA","117022":"Balliettsville, PA","117283":"Birchrunville, PA","117406":"Bossardsville, PA","117558":"Browns, PA","117755":"Carrolltown, PA","117779":"Catasauqua, PA","117835":"Centre, PA","117972":"Clark, PA","118117":"Columbus, PA","118169":"Cool Spring, PA","118188":"Coraopolis, PA","118418":"Dee, PA","118464":"Detwood, PA","118546":"Dorrance, PA","118636":"Durham, PA","118687":"East Fredricktown, PA","118715":"East Petersburg, PA","118716":"East Pittsburgh, PA","118753":"Easton, PA","118754":"Easton Anglers, PA","118852":"Elizabeth, PA","118857":"Elk Grove, PA","119079":"Fayette, PA","119192":"Fontana, PA","119229":"Fort Washington, PA","119308":"Freeport, PA","119335":"Frizzleburg, PA","119357":"Fuller, PA","119361":"Fullerton, PA","119502":"Glendale, PA","119795":"Harrisburg, PA","119907":"Hensingersville, PA","120114":"Houserville, PA","120215":"Indiana, PA","120247":"Ironville, PA","120249":"Irvine, PA","120326":"Jersey Shore, PA","120327":"Jerseytown, PA","120342":"Johnstown, PA","120346":"Joliett, PA","120554":"Knox, PA","120607":"Lafayette, PA","120654":"Lancaster, PA","120890":"Little Kansas, PA","121078":"Macungie, PA","121117":"Manheim, PA","121174":"Marienville, PA","121311":"McKinney, PA","121315":"McLallen Corners, PA","121336":"Meadville, PA","121389":"Metamora Station, PA","121505":"Milwaukee, PA","121563":"Montgomery, PA","121895":"New Philadelphia, PA","121933":"Newport Center, PA","121935":"Newportville, PA","122123":"Oklahoma, PA","122168":"Ontario, PA","122252":"Palmdale, PA","122273":"Paperville, PA","122274":"Paradise, PA","122430":"Phoenixville, PA","122501":"Pittsburgh, PA","122561":"Plumbsock, PA","122702":"Queen, PA","122763":"Reading, PA","122871":"Richmond, PA","123038":"Roseville, PA","123127":"Sacramento, PA","123161":"Saint Petersburg, PA","123177":"Saltsburg, PA","123277":"Scottdale, PA","123401":"Sheshequin, PA","123442":"Shreiners, PA","123472":"Siousca, PA","123648":"Spring, PA","123754":"Steuben, PA","123779":"Stockertown, PA","123946":"Tacony, PA","123960":"Tamiment, PA","124071":"Torrance, PA","124254":"Valencia, PA","124343":"Virginville, PA","124366":"Walbert, PA","124382":"Wallace City, PA","124442":"Washington, PA","124531":"Wescosville, PA","124635":"West Valley, PA","124876":"Worcester, PA","125009":"Carolina, RI","125037":"Cowesett, RI","125052":"East Providence, RI","125058":"Escoheag, RI","125165":"Meshanticut, RI","125187":"Newport, RI","125192":"North Providence, RI","125206":"Pascoag, RI","125230":"Providence, RI","125233":"Quidnessett, RI","125246":"Sachuest, RI","125286":"Thornton, RI","125303":"Warren, RI","125329":"Woonsocket, RI","125359":"Baltic, SD","125419":"Clark, SD","125427":"Colome, SD","125429":"Columbia, SD","125431":"Corona, SD","125472":"East Sioux Falls, SD","125784":"Sioux Falls, SD","125785":"Sioux Falls Junction, SD","125889":"Alburg, VT","125890":"Alburg Center, VT","125891":"Alburg Springs, VT","125900":"Arlington, VT","125906":"Bakersfield, VT","125927":"Bellows Falls, VT","125980":"Burlington, VT","126003":"Charlotte, VT","126024":"Concord, VT","126060":"East Alburg, VT","126075":"East Charlotte, VT","126085":"East Fletcher, VT","126230":"Huntington Center, VT","126231":"Huntington, VT","126244":"Jacksonville, VT","126251":"Jericho, VT","126257":"Kansas, VT","126288":"Lunenburg, VT","126328":"Montpelier, VT","126351":"New Haven, VT","126358":"Newport Center, VT","126409":"Oakland, VT","126448":"Pompanoosuc, VT","126460":"Quechee, VT","126476":"Richmond, VT","126527":"Simms Hill, VT","126581":"Stamford, VT","126749":"Worcester, VT","126848":"Auroraville, WI","126916":"Bellevue, WI","127020":"Browntown, WI","127109":"Cedarburg, WI","127131":"Chicago, WI","127178":"Coloma, WI","127315":"Durham, WI","127343":"Eau Claire, WI","127359":"El Paso, WI","127366":"Elk Grove, WI","127451":"Fontana, WI","127458":"Fort Atkinson, WI","127527":"Glendale, WI","127556":"Green Bay, WI","127591":"Hanover, WI","127616":"Hayward, WI","127732":"Irvine, WI","127755":"Jersey City, WI","127775":"Kansasville, WI","127989":"Madison, WI","128043":"McAllister, WI","128101":"Milwaukee, WI","128241":"North Lake, WI","128326":"Oxbo, WI","128354":"Pembine, WI","128401":"Platteville, WI","128470":"Racine, WI","128620":"Sand Prairie, WI","128690":"Sinsinawa, WI","128691":"Sioux, WI","128718":"South Milwaukee, WI","128741":"Spring Valley, WI","128764":"Stevens Point, WI","128805":"Superior, WI","128943":"Warrens, WI","128994":"West Milwaukee, WI","129185":"Virginville, WV","129300":"Casimir, WI","129342":"Bakersville, CT","129389":"Bridgeport, CT","129390":"Bridgewater, CT","129447":"Cheshire, CT","129484":"Salina, AZ","129507":"Bisbee Junction, AZ","129514":"Middletown, CA","129566":"Eli, TX","129729":"Chandler, AZ","129748":"Chinle, AZ","129759":"Chuichu, AZ","129804":"Colorado City, AZ","129812":"Contempo Tempe, AZ","129815":"Continental Tempe, AZ","129826":"Coral Sands Mobile Estates, AZ","129888":"Deer Valley, AZ","129948":"East Flagstaff, AZ","129951":"East Mesa, AZ","129965":"El Paseo, AZ","130003":"First Mesa, AZ","130010":"Florence Junction, AZ","130059":"Gila Bend, AZ","130061":"Gilbert, AZ","130071":"Glendale, AZ","130106":"Green Valley, AZ","130136":"Hali Murk, AZ","130139":"Hano, AZ","130197":"Horse Mesa, AZ","130264":"Kingman, AZ","130318":"Las Villas, AZ","130400":"Marlborough Park, AZ","130402":"Maryvale, AZ","130403":"Maryvale Terrace, AZ","130423":"Mesa, AZ","130433":"Mesquite Creek, AZ","130438":"Miami, AZ","130475":"Morenci, AZ","130514":"New Tucson, AZ","130547":"Old Tucson, AZ","130565":"Overland Trail, AZ","130600":"Paradise Valley, AZ","130607":"Parker, AZ","130634":"Peoria, AZ","130644":"Phoenix, AZ","130722":"Quartzsite, AZ","130724":"Queen Valley, AZ","130738":"Rancho Encanto, AZ","130757":"Red Mesa, AZ","130825":"Sacate, AZ","130848":"San Jose, AZ","130877":"Santa Rosa, AZ","130878":"Santan, AZ","130888":"Scottsdale, AZ","130889":"Scottsdale Mobile Home Park, AZ","130890":"Scottsdale Ranch, AZ","130891":"Scottsdale Trailer Corral, AZ","130927":"Shungopavi, AZ","130978":"South Phoenix, AZ","130980":"South Tucson, AZ","131048":"Sunrise Springs, AZ","131067":"Superior, AZ","131070":"Surprise, AZ","131095":"Tempe, AZ","131098":"Tempe Junction, AZ","131132":"Tolchico, AZ","131133":"Tolleson, AZ","131134":"Toltec, AZ","131142":"Topawa, AZ","131146":"Tortilla Flat, AZ","131148":"Totopitk, AZ","131170":"Tucson, AZ","131171":"Tucson Country Club Estates, AZ","131172":"Tucson Estates, AZ","131173":"Tucson National Estates, AZ","131201":"Valencia, AZ","131266":"West Chandler, AZ","131338":"Wonder Valley, AZ","131367":"Yuma, AZ","131417":"Alhambra, CA","131460":"Anaheim, CA","131461":"Anchor Bay, CA","131523":"Arvin, CA","131537":"Atherton, CA","131539":"Atlanta, CA","131572":"Bakersfield, CA","131643":"Bell, CA","131651":"Bellflower, CA","131708":"Bishop, CA","131730":"Blossom Valley, CA","131748":"Bolinas, CA","131768":"Boron, CA","131772":"Borrego Springs, CA","131810":"Bridgeport, CA","131828":"Browns Valley, CA","131924":"Camarillo, CA","131973":"Cape Horn, CA","132025":"Castro Valley, CA","132105":"Chubbuck, CA","132106":"Chula Vista, CA","132121":"Claremont, CA","132178":"Columbia, CA","132180":"Colusa, CA","132192":"Concord, CA","132213":"Corona, CA","132214":"Coronado, CA","132215":"Corporal, CA","132284":"Cunard, CA","132343":"Deer View, CA","132373":"Des Moines, CA","132438":"Duarte, CA","132456":"Durham, CA","132479":"East Los Angeles, CA","132484":"East Pasadena, CA","132550":"Elk, CA","132553":"Elk Grove, CA","132573":"Emeryville, CA","132589":"Escondido, CA","132684":"Fontana, CA","132735":"Fremont, CA","132743":"Fresno, CA","132751":"Fullerton, CA","132763":"Garden Grove, CA","132764":"Garden Valley, CA","132765":"Gardena, CA","132788":"Gilroy, CA","132800":"Glendale, CA","132952":"Harold, Palmdale, CA","132962":"Harvard, CA","132977":"Hayward, CA","132989":"Helendale, CA","133040":"Hillsborough Park, CA","133059":"Hollister, CA","133064":"Holtville, CA","133104":"Huntington Beach, CA","133106":"Huntington Park, CA","133125":"Independence, CA","133137":"Indian Wells, CA","133138":"Indio, CA","133143":"Inglewood, CA","133161":"Irvine, CA","133176":"Jackson, CA","133181":"Jamacha, CA","133246":"Kelseyville, CA","133253":"Kentfield, CA","133343":"Lafayette, CA","133345":"Laguna Beach, CA","133365":"Lake Los Angeles, CA","133388":"Lakewood, CA","133395":"Lancaster, CA","133403":"Larkspur, CA","133456":"Lincoln, CA","133472":"Little River, CA","133473":"Littlerock, CA","133480":"Livermore, CA","133509":"Lompoc, CA","133515":"Long Beach, CA","133526":"Los Alamitos, CA","133529":"Los Altos, CA","133531":"Los Angeles, CA","133532":"Los Banos, CA","133579":"Madera, CA","133603":"Manhattan Beach, CA","133625":"Marine Terrace, CA","133646":"Marysville, CA","133721":"Mesquite, CA","133733":"Midland, CA","133736":"Midvalley, CA","133774":"Miramar, CA","133775":"Miramonte, CA","133789":"Modesto, CA","133818":"Montclair, CA","133828":"Monterey, CA","133848":"Moreno, CA","133849":"Morena Village, CA","133850":"Moreno Knolls, CA","133851":"Moreno Valley, CA","133857":"Morongo Valley, CA","133860":"Morro Bay, CA","133905":"Murphys, CA","133908":"Murrieta, CA","133922":"Nashmead, CA","133924":"Nashville, CA","133928":"Navelencia, CA","133940":"Nevada City, CA","133944":"New Chicago, CA","133995":"North Ontario, CA","133999":"North San Juan, CA","134010":"Norwalk, CA","134041":"Oakland, CA","134057":"Oceanside, CA","134072":"Olancha, CA","134106":"Ontario, CA","134111":"Orange, CA","134127":"Orland, CA","134149":"Oxford, CA","134150":"Oxnard, CA","134151":"Oxnard Beach, CA","134170":"Palm Springs, CA","134171":"Palmdale, CA","134175":"Palo Alto, CA","134189":"Paradise, CA","134208":"Pasadena, CA","134213":"Patterson, CA","134302":"Pittsburg, CA","134305":"Placentia, CA","134320":"Pleasanton, CA","134338":"Pomona, CA","134350":"Port San Luis, CA","134356":"Porterville, CA","134424":"Rancho Cordova, CA","134425":"Rancho Cucamonga, CA","134429":"Rancho Mirage, CA","134431":"Rancho Palos Verdes, CA","134434":"Rancho San Diego, CA","134436":"Rancho Santa Margarita, CA","134469":"Redwood City, CA","134499":"Rialto, CA","134514":"Richmond, CA","134550":"Riverside, CA","134600":"Roseville, CA","134601":"Ross, CA","134628":"Sacramento, CA","134637":"Saint Louis, CA","134640":"Salinas, CA","134649":"San Andreas, CA","134650":"San Anselmo, CA","134651":"San Antonio, CA","134652":"San Antonio Heights, CA","134653":"San Ardo, CA","134655":"San Benito, CA","134656":"San Bernardino, CA","134660":"San Diego, CA","134661":"San Diego Country Estates, CA","134662":"San Dimas, CA","134666":"San Fernando, CA","134667":"San Francisco, CA","134672":"San Jacinto, CA","134673":"San Joaquin, CA","134676":"San Jose, CA","134677":"San Juan Bautista, CA","134681":"San Leandro, CA","134688":"San Marino, CA","134719":"Santa Ana, CA","134720":"Santa Anita, CA","134721":"Santa Barbara, CA","134722":"Santa Clara, CA","134723":"Santa Clarita, CA","134724":"Santa Cruz, CA","134729":"Santa Maria, CA","134730":"Santa Monica, CA","134734":"Santa Rita, CA","134736":"Santa Rosa, CA","134753":"Sausalito, CA","134784":"Seaside, CA","134861":"Simi, CA","134862":"Simi Valley, CA","134936":"South Pasadena, CA","134937":"South San Francisco, CA","134940":"South Santa Ana, CA","134978":"Stanford, CA","134996":"Stockton, CA","135052":"Sunnyvale, CA","135054":"Sunrise, CA","135126":"Tehachapi, CA","135128":"Temecula, CA","135131":"Temple City, CA","135147":"Thermal, CA","135154":"Thornton, CA","135155":"Thousand Oaks, CA","135156":"Thousand Palms, CA","135188":"Topanga, CA","135195":"Torrance, CA","135222":"Tulare, CA","135278":"Vale, CA","135279":"Valencia, CA","135280":"Valerie, CA","135287":"Vallecito, CA","135288":"Vallejo, CA","135331":"Victorville, CA","135347":"Virginiatown, CA","135348":"Visalia, CA","135349":"Vista, CA","135390":"Washington, CA","135423":"West Sacramento, CA","135432":"Westminster, CA","135629":"Aspen, CO","135634":"Aurora, CO","135703":"Breckenridge, CO","135705":"Bridgeport, CO","135735":"Caon City, CO","135796":"Colona, CO","135797":"Colorado City, CO","135798":"Colorado Springs, CO","135803":"Commerce City, CO","135846":"Denver, CO","135867":"Durango, CO","135893":"Eldorado Springs, CO","135896":"Elizabeth, CO","135934":"Fort Carson, CO","135936":"Fort Lyon, CO","135948":"Frisco, CO","135976":"Glendale, CO","135981":"Glenwood Springs, CO","135992":"Grand Junction, CO","136068":"Idalia, CO","136128":"Lafayette, CO","136133":"Lakewood, CO","136134":"Lamar, CO","136146":"Leadville, CO","136162":"Littleton, CO","136164":"Lobatos, CO","136201":"Maryvale, CO","136214":"Mesa, CO","136286":"Olathe, CO","136303":"Oxford, CO","136312":"Parachute, CO","136361":"Poncha Springs, CO","136398":"Riverside, CO","136417":"Roxborough Park, CO","136436":"San Luis, CO","136473":"Silverthorne, CO","136492":"Springfield, CO","136529":"Telluride, CO","136534":"Thornton, CO","136552":"Trinidad, CO","136581":"Vancorum, CO","136737":"McAllaster, KS","136739":"Meade, KS","136774":"Saint Peter, KS","136783":"Scott City, KS","136792":"Syracuse, KS","136814":"Abiquiu, NM","136841":"Albert, NM","136842":"Albuquerque, NM","136901":"Atarque, NM","137047":"Cedarvale, NM","137076":"Chilili, NM","137106":"Cochiti Pueblo, NM","137111":"Columbus, NM","137125":"Corrales, NM","137127":"Coruco, NM","137174":"Des Moines, NM","137262":"Escabosa, NM","137263":"Escondida, NM","137264":"Escondillo, NM","137265":"Espaola, NM","137295":"Fort Wingate, NM","137350":"Grants, NM","137442":"Jemez Pueblo, NM","137533":"Las Cruces, NM","137544":"Las Vegas, NM","137545":"Las Vegas Town, NM","137553":"Lemitar, NM","137574":"Lon, NM","137578":"Los Alamos, NM","137591":"Los Lunas, NM","137602":"Los Ranchos de Albuquerque, NM","137685":"Mesilla, NM","137688":"Mesquite, NM","137788":"Ojo Amarillo, NM","137852":"Picuris Pueblo, NM","137913":"Queen, NM","137925":"Ranchitos, NM","137928":"Ranchos de Taos, NM","137931":"Raton, NM","137989":"Roswell, NM","138003":"Sacramento, NM","138008":"Salinas, NM","138010":"Salt Lake, NM","138011":"San Acacia, NM","138014":"San Antonio, NM","138020":"San Fidel, NM","138021":"San Francisco, NM","138022":"San Francisco Plaza, NM","138031":"San Jose, NM","138035":"San Juan, NM","138036":"San Juan Pueblo, NM","138072":"Santa Ana, NM","138073":"Santa Ana Pueblo, NM","138075":"Santa Clara, NM","138078":"Santa Fe, NM","138079":"Santa Rosa, NM","138169":"Tajique, NM","138172":"Taos Pueblo, NM","138175":"Tapicitoes, NM","138197":"Tierra Amarilla, NM","138224":"Torrance, NM","138279":"Valle Escondido, NM","138305":"Virginia City, NM","138375":"Austin, NV","138414":"Carson City, NV","138424":"Clark, NV","138462":"East Las Vegas, NV","138463":"Eastgate, NV","138500":"Glendale, NV","138501":"Glenn, NV","138522":"Henderson, NV","138556":"Las Vegas, NV","138577":"Manhattan, NV","138591":"Mesquite, NV","138628":"North Las Vegas, NV","138640":"Paradise, NV","138660":"Reno, NV","138696":"Spring Valley, NV","138699":"Stateline, NV","138708":"Stonehouse, NV","138717":"Sunrise Manor, NV","138744":"Virginia City, NV","138760":"West Reno, NV","138762":"Wichman, NV","138770":"Baker, OK","138773":"Boise City, OK","138856":"Amarillo, TX","138889":"Bakersfield, TX","138927":"Boise, TX","138950":"Briscoe, TX","139047":"Clarendon, TX","139075":"Colorado City, TX","139117":"Dalhart, TX","139166":"Eagle Pass, TX","139180":"El Paso, TX","139210":"Farnsworth, TX","139241":"Fort Lancaster, TX","139279":"Girvin, TX","139534":"Lubbock, TX","139549":"Malden, TX","139554":"Marilla, TX","139573":"McKinney Springs, TX","139579":"Memphis, TX","139594":"Midland, TX","139723":"Papalote Escondido, TX","139858":"San Angelo, TX","139860":"San Francisco, TX","140048":"Vancourt, TX","140149":"Aurora, UT","140185":"Cedar City, UT","140233":"Escalante, UT","140317":"Kanarraville, UT","140357":"Marysvale, UT","140400":"Oljato, UT","140431":"Salina, UT","140432":"Santa Clara, UT","140502":"Virgin, UT","140503":"Vista, UT","140591":"Pojoaque, NM","140646":"Alhambra, AZ","140649":"Ali Chukson, AZ","140664":"Anthem, AZ","140792":"Rathdrum, ID","140801":"Juneau, AK","140819":"Ketchikan, AK","140885":"Pomona, WA","140897":"Metlakatla, AK","140907":"Pelican, AK","140910":"Petersburg, AK","140927":"Sitka, AK","141127":"Fairview, CA","141147":"Fort Jones, CA","141149":"Fortuna, CA","141157":"Freshwater, CA","141274":"Lake City, CA","141275":"Lakehead, CA","141286":"Leonard, CA","141328":"McKinleyville, CA","141341":"Miranda, CA","141376":"Orleans, CA","141404":"Phillipsville, CA","141470":"Shasta Lake, CA","141508":"Surprise Station, CA","141509":"Susanville, CA","141525":"Trinidad, CA","141531":"Tulelake, CA","141562":"Whitethorn, CA","141579":"Yreka, CA","141583":"Akron, CO","141612":"Boulder, CO","141680":"Fort Collins, CO","141682":"Fort Morgan, CO","141723":"Hiawatha, CO","141786":"Longmont, CO","141823":"New Haven, CO","141891":"Salina, CO","141914":"Sterling, CO","141926":"Tampa, CO","141973":"Albion, ID","141986":"Ammon, ID","141999":"Arling, ID","142037":"Bellevue, ID","142072":"Bliss, ID","142077":"Boise, ID","142168":"Chubbuck, ID","142175":"Clarksville, ID","142243":"Dayton, ID","142257":"Denton, ID","142282":"Dubois, ID","142383":"Garden City, ID","142410":"Glendale, ID","142545":"Jerome, ID","142562":"Kamiah, ID","142690":"Mesa, ID","142779":"Ora, ID","142801":"Parker, ID","142834":"Plano, ID","142841":"Plummer, ID","142903":"Rockford, ID","142942":"Santa, ID","142949":"Seaburg, ID","142953":"Seneacquoteen, ID","143018":"Sun Valley, ID","143058":"Thornton, ID","143171":"Alberton, MT","143176":"Alhambra, MT","143188":"Anaconda, MT","143337":"Bozeman, MT","143428":"Charlo, MT","143493":"Coram, MT","143666":"Forsyth, MT","143694":"Fresno, MT","143739":"Glendive, MT","143811":"Helena, MT","143896":"Joliet, MT","143959":"Laredo, MT","143984":"Lincoln, MT","144032":"Manhattan, MT","144047":"McAllister, MT","144094":"Missoula, MT","144399":"Saint Phillip, MT","144635":"Virginia City, MT","144676":"West Valley, MT","144714":"Winston, MT","144771":"Balta, ND","144785":"Bismarck, ND","144906":"Hebron, ND","144942":"Lincoln, ND","145015":"Raleigh, ND","145075":"Sunny, ND","145083":"Thelan, ND","145158":"Bridgeport, NE","145309":"Mobile Manor, NE","145369":"Scottsbluff, NE","145407":"Valentine, NE","145492":"Greens, NV","145539":"Ola, NV","145551":"Phil, NV","145571":"Rochester, NV","145599":"Tecoma, NV","145604":"Trego, NV","145660":"Arlington, OR","145665":"Astoria, OR","145667":"Aurora, OR","145675":"Baker City, OR","145853":"Cleveland, OR","145869":"Columbia City, OR","145911":"Dallas, OR","145919":"Dayton, OR","145933":"Detroit, OR","145963":"Durham, OR","146002":"Eugene, OR","146088":"Glendale, OR","146102":"Grand Rapids, OR","146103":"Grand Ronde, OR","146162":"Hillsboro, OR","146204":"Irving, OR","146225":"Kansas City, OR","146253":"Lafayette, OR","146258":"Lakeview, OR","146259":"Lakewood, OR","146376":"Milton-Freewater, OR","146377":"Milwaukie, OR","146378":"Milwaukie Heights, OR","146459":"Oakland, OR","146461":"Oakridge, OR","146464":"Oceanside, OR","146467":"Oklahoma Hill, OR","146474":"Ontario, OR","146509":"Phoenix, OR","146521":"Pittsburg, OR","146534":"Portland, OR","146554":"Raleigh Hills, OR","146618":"Saint Louis, OR","146621":"Salem, OR","146633":"Scio, OR","146702":"Sunriver, OR","146751":"Toledo, OR","146762":"Tri-City, OR","146831":"West Portland, OR","146952":"Coal Springs, SD","147087":"Mobridge, SD","147130":"Pierre, SD","147179":"Sioux Village, SD","147188":"Spokane, SD","147622":"Deer Valley Resort, UT","147643":"Duchesne, UT","147765":"Garland, UT","147787":"Grantsville, UT","148164":"North Salt Lake, UT","148290":"Providence, UT","148291":"Provo, UT","148306":"Randolph, UT","148318":"Richmond, UT","148366":"Salt Lake City, UT","148367":"Salt Lake View Addition, UT","148439":"South Salt Lake, UT","148473":"Stockton, UT","148506":"Syracuse, UT","148694":"West Valley City, UT","148846":"Anacortes, WA","148866":"Arlington, WA","148925":"Battle Ground, WA","148953":"Bellevue, WA","148954":"Bellingham, WA","149002":"Boise, WA","149003":"Boistfort, WA","149027":"Bridgeport, WA","149101":"Carrolls, WA","149137":"Chattaroy, WA","149271":"Dallesport, WA","149286":"Dayton, WA","149296":"Deer Valley, WA","149306":"Des Moines, WA","149536":"Fort Spokane, WA","149760":"Hunt, WA","149832":"Kennewick, WA","149834":"Kent, WA","149866":"Knappton, WA","149912":"Lakewood, WA","149972":"Littlerock, WA","149980":"Long, WA","149981":"Long Beach, WA","150219":"Mukilteo, WA","150314":"Oceanside, WA","150327":"Old Tacoma, WA","150336":"Olympia, WA","150339":"Omak, WA","150398":"Pasco, WA","150400":"Paterson, WA","150453":"Pomeroy, WA","150455":"Port Angeles, WA","150484":"Prosser, WA","150497":"Quinault, WA","150522":"Renton, WA","150548":"Riverside, WA","150659":"SeaTac, WA","150665":"Seattle, WA","150667":"Seattle Heights, WA","150717":"Similk Beach, WA","150765":"South Seattle, WA","150775":"Spokane, WA","150776":"Spokane Valley, WA","150786":"Stanwood, WA","150832":"Sunnyside, WA","150868":"Tacoma, WA","150870":"Tahoma, WA","150914":"Toledo, WA","150919":"Toppenish, WA","150933":"Trinity, WA","150986":"Vancouver, WA","150987":"Vancouver Junction, WA","151046":"Washington Harbor, WA","151048":"Washougal, WA","151070":"Wenatchee, WA","151255":"Buffalo, WY","151366":"Fort Washakie, WY","151427":"Jackson, WY","151458":"Laramie, WY","151586":"Riverton, WY","151666":"Torrington, WY","151673":"Ucross, WY","151713":"Worland, WY","151788":"Newaukum, WA","151789":"Pateros, WA","151842":"Kailua-Kona, HI","151860":"Kanahena, HI","151918":"Kii, HI","151958":"Lihue, HI","152066":"Punaluu, HI","152116":"Waianae, HI","152188":"Hanalei, HI","152212":"Hilo, HI","152217":"Honokwai, HI","152218":"Honokaa, HI","152221":"Honokhau, HI","152223":"Honolulu, HI","152225":"Honomu, HI","152226":"Honomakau, HI","152227":"Honouliuli, HI","152229":"Honuapo, HI","152233":"Hoolehua, HI","152235":"Huehue, HI","152256":"Anahola, HI","152274":"Browerville, AK","152287":"Chakwaktolik, AK","152289":"Chandalar, AK","152290":"Chaniliut, AK","152310":"Chimekliak, AK","152316":"Chuathbaluk, AK","152320":"Chulloonawick, AK","152333":"Colorado, AK","152369":"Eagle, AK","152372":"East Chester, AK","152382":"Elim, AK","152391":"Fairbanks, AK","152420":"Glennallen, AK","152439":"Haycock, AK","152445":"Holikachuk, AK","152451":"Houston, AK","152461":"Indian, AK","152462":"Ingrihak, AK","152479":"Kaktovik, AK","152498":"Kenai, AK","152507":"Kivalina, AK","152512":"Knik, AK","152523":"Kotzebue, AK","152557":"Long, AK","152584":"Montana, AK","152599":"Naknek, AK","152601":"Napaimiut, AK","152602":"Napakiak, AK","152603":"Napaskiak, AK","152628":"Nome, AK","152664":"Palmer, AK","152683":"Point Hope, AK","152692":"Port San Juan, AK","152703":"Quinhagak, AK","152727":"Savoonga, AK","152729":"Selawik, AK","152738":"Sheshalik, AK","152770":"Susitna, AK","152785":"Tetlin, AK","152789":"Togiak, AK","152803":"Tuluksak, AK","152806":"Tuntutuliak, AK","152812":"Tyonek, AK","152820":"Unalakleet, AK","152828":"Vanover, AK","152831":"Vinasale, AK","152835":"Wasilla, AK","152856":"Wortmanns, AK","152868":"Akhiok, AK","152869":"Akiachak, AK","152870":"Akiak, AK","152881":"Aleknagik, AK","152887":"Allakaket, AK","152891":"Anchorage, AK","153567":"Hialeah Trailer Park, FL","155241":"Chula Vista Isles, FL","155304":"Seattle Hill, WA","155985":"Pembroke Park Lakes Mobile Home Park, FL","156430":"Minnear's Mobile Home Park, FL","157226":"East Chatham Heights, VA","157801":"Bell Meads, TX","157883":"Pembroke Place, TX","158030":"Forest North, TX","158553":"Bayamo, FL","160092":"Huntington by the Campus, FL","160223":"Killebrew, FL","160224":"Killen Estates, FL","160773":"Mira Mar, FL","160781":"Mobilaire, FL","161495":"Sterling Heights, FL","161567":"Sunrise Manor, FL","161628":"Tampania, FL","161729":"Thousand Oaks, FL","161730":"Thousand Oaks Executive Estates, FL","161785":"Tulsa Heights, FL","162698":"Garden Grove Mobile Home Park, WI","162882":"Wichita Regency Mobile Home Community, KS","163105":"Cloverland Park, NY","163633":"West Bay City, MI","163940":"Damariscotta-Newcastle, ME","163953":"Newport East, RI","163973":"Elliston-Lafayette, VA","163983":"Fort Lee, VA","163997":"Belleville, NJ","164013":"Clark, NJ","164026":"East Hampton North, NY","164069":"Quioque, NY","164078":"Rosendale Village, NY","164079":"Ross Township, PA","164116":"Lebanon South, PA","164141":"Springfield, NJ","164142":"Springfield, PA","164143":"St. Charles, MD","164144":"St. Michael-Sidman, PA","164216":"Carrollton, MI","164259":"Brownsville-Bawcomville, LA","164310":"Chula Vista-Orason, TX","164366":"Los Angeles Subdivision, TX","164441":"East Hill-Meridian, WA","164454":"Mesa, CA","164466":"North Lakeport, CA","164510":"Seattle Hill-Silver Firs, WA","164518":"Valencia West, AZ","164529":"West Modesto, CA","164543":"Yosemite Valley, CA","164555":"The Buttes, WY","164601":"Lake Las Vegas, NV","164602":"Tri-Cities, WA","164603":"Tri-Cities, TN","165084":"East Honolulu, HI","165100":"Queenland, MD","165189":"East Lopez, TX","165200":"Laredo Ranchettes - West, TX","166119":"Sunrise Manor Mobile Home Park, WA","167573":"Grand Prairie, IL","167856":"Escondidas, TX","168506":"Des Moines Estates Mobile Home Park, WA","168659":"Modesto, OR","168895":"Deer Valley Estates, OH","169523":"Pago Pago, AS","169549":"Hagta, GU","169568":"San Jose Village, MP","169572":"Saipan, MP","169653":"Aponte, PR","169724":"Bayamn, PR","169725":"Bayamon, PR","169726":"Bayamoncito, PR","169866":"Carolina, PR","170219":"Garcia Ponce, PR","170589":"La Alhambra, PR","170678":"Lares, PR","170735":"Las Vegas, PR","170771":"Los Angeles, PR","170913":"Miramar, PR","170956":"Muelle de Ponce, PR","170960":"Mayagez, PR","171058":"Patillas, PR","171098":"Playa de Ponce, PR","171107":"Ponce, PR","171108":"Ponce de Len, PR","171349":"Salinas, PR","171354":"San Antn, PR","171367":"San Benito, PR","171373":"San Diego, PR","171380":"San Francisco, PR","171391":"San Jos, PR","171398":"San Juan, PR","171399":"Viejo San Juan, PR","171431":"Santa Ana, PR","171536":"Sierra Bayamon, PR","171537":"Sierra Bayamn, PR","171603":"Valencia, PR","171661":"Villa Carolina, PR","171897":"Bayamn Comunidad, PR","171998":"Bayamn Zona Urbana, PR","172108":"Carolina, VI","172112":"Charlotte Amalie, VI","172113":"Christiansted, VI","172124":"Coral Bay, VI","172148":"Frederiksted, VI","172192":"Louisenhoj, VI","172241":"Richmond, VI"}